"vendor","bill","date","subtotal","gst","total"
"hogobie tech private limited","inv-25-26-000024","2025-04-07","5250.00","630.00","5880.00"
"amishka infotech","ai/25-26/3","2025-08-15","6307.00","1135.26","7442.26"
"baba balaknath",,"2025-06-20","15000.00","0.00","15000.00"
"cj darcl","d13906001774","2025-06-16","8248.30","1484.69","9733.00"
"cj darcl","di3906002678","2025-07-31","6944.90","1250.08","8195.00"
"cj darcl","di3906002781","2025-08-02","5738.98","1033.02","6772.00"
"cj darcl","di3927003859","2025-08-14","3767.80","678.20","4446.00"
"cj darcl","di3906003022","2025-08-14","1000.00","180.00","1180.00"
"cj darcl","di3906003415","2025-08-31","7820.34","1407.66","9228.00"
"cj darcl","di3906003724","2025-09-16","6200.75","1116.14","7317.00"
"cj darcl","di3906004947","2025-11-01","11252.00","2025.36","13277.00"
"cj darcl","di3906005291","2025-11-17","34419.49","6195.51","40615.00"
"cj darcl","di3906005711","2025-12-10","74262.00","13367.16","87629.00"
"kumar autowheels pvt ltd","rbr26a003122","2025-09-04","3332.00","0.00","3332.00"
"prime roadways","pr/25-26/22","2025-07-10","95028.00","11403.36","106431.00"
"shiptrust global logistics","25-26/del/003","2025-06-27","16760.17","3016.83","19777.00"
"shiptrust global logistics","25-26/del/004","2025-06-27","31917.80","5745.20","37663.00"
"srls cargo services pvt ltd","25-26/del/008","2025-04-28","6156.25","738.75","6895.00"
"srls cargo services pvt ltd","25-26/del/016","2025-05-27","1759.82","211.18","1971.00"
"singh roadlines","srl-rdr-26/27-001","2026-04-04","21990.00","0.00","21990.00"
"singh roadlines","srl-rdr-26/27-004","2026-04-06","8690.00","0.00","8690.00"
"cj darcl","di3906006353","2025-12-26","6300.00","1134.00","7434.00"
"cj darcl","di3903002299","2026-01-17","5931.36","1067.64","6999.00"
"cj darcl","di3906006897","2026-01-17","10272.88","1849.12","12122.00"
"cj darcl","di3906007176","2026-02-02","22964.41","4133.59","27098.00"
"cj darcl","di3906007573","2026-02-16","69827.12","12568.88","82396.00"
"cj darcl","di3906007977","2026-03-01","7652.54","1377.46","9030.00"
"btl express pvt ltd","btl/298","2026-02-28","26650.00","4797.00","31447.00"
"btl express pvt ltd","btl/317","2026-03-15","28710.00","5167.80","33878.00"
"btl express pvt ltd","btl/334","2026-03-31","62142.00","11185.56","73328.00"
"hogobie tech private limited","inv-25-26-000150","2025-04-30","9080.35","1089.64","10170.00"
"hogobie tech private limited","inv-25-26-000205","2025-05-16","7880.36","945.64","8826.00"
"hogobie tech private limited","inv-25-26-000261","2025-05-29","1580.36","189.64","1770.00"
"hogobie tech private limited","inv-25-26-000294","2025-05-31","4080.36","489.64","4570.00"
"hogobie tech private limited","inv-25-26-000300","2025-06-03","4080.36","489.64","4570.00"
"hogobie tech private limited","inv-25-26-000406","2025-06-30","23400.00","2808.00","26208.00"
"hogobie tech private limited","inv-25-26-000510","2025-07-22","80040.00","9604.80","89644.80"
"hogobie tech private limited","inv-25-26-000554","2025-07-31","11659.82","1399.18","13059.00"
"hogobie tech private limited","inv-25-26-000629","2025-08-21","46560.00","5587.20","52147.20"
"hogobie tech private limited","inv-25-26-000684","2025-08-31","16580.00","1989.60","18569.60"
"hogobie tech private limited","inv-25-26-000735","2025-09-20","8000.00","960.00","8960.00"
"hogobie tech private limited","inv-25-26-000782","2025-09-30","33660.00","6058.80","39718.80"
"hogobie tech private limited","inv-25-26-000895","2025-10-16","29080.00","5234.40","34314.40"
"hogobie tech private limited","inv-25-26-000957","2025-10-31","12240.00","2203.20","14443.20"
"hogobie tech private limited","inv-25-26-001005","2025-11-15","11660.00","2098.80","13758.80"
"hogobie tech private limited","inv-25-26-001077","2025-11-30","4068.00","732.24","4800.24"
"hogobie tech private limited","inv-25-26-001216","2025-12-30","6500.00","1170.00","7670.00"
"hogobie tech private limited","inv-25-26-001397","2026-01-30","23493.00","4228.74","27721.74"
"hogobie tech private limited","inv-25-26-001617","2026-02-28","9068.00","1632.24","10700.24"
"hogobie tech private limited","opening balance","2025-03-31","0.00","0.00","9520.00"
"kumar autowheels pvt ltd","rbc26a010939","2026-02-10","15623.00","0.00","15623.00"
"singh roadlines","srl-rdr-25/26-001","2025-04-07","9650.00","0.00","9650.00"
"singh roadlines","srl-rdr-25/26-002","2025-04-10","9650.00","0.00","9650.00"
"singh roadlines","srl-rdr-25/26-003","2025-04-14","9650.00","0.00","9650.00"
"singh roadlines","srl-rdr-25/26-014","2025-04-16","9650.00","0.00","9650.00"
"singh roadlines","srl-rdr-25/26-015","2025-04-21","9650.00","0.00","9650.00"
"singh roadlines","srl-rdr-25/26-018","2025-04-26","9650.00","0.00","9650.00"
"singh roadlines","srl-rdr-25/26-019","2025-04-29","9650.00","0.00","9650.00"
"singh roadlines","srl-rdr-25/26-037","2025-05-09","26238.00","0.00","26238.00"
"singh roadlines","srl-rdr-25/26-051","2025-05-20","30800.00","0.00","30800.00"
"singh roadlines","srl-rdr-25/26-055","2025-05-27","10660.00","0.00","10660.00"
"singh roadlines","srl-rdr-25/26-077","2025-05-31","10660.00","0.00","10660.00"
"singh roadlines","srl-rdr-25/26-078","2025-06-11","16950.00","0.00","16950.00"
"singh roadlines","srl-rdr-25/26-091","2025-06-19","6290.00","0.00","6290.00"
"singh roadlines","srl-rdr-25/26-093","2025-06-21","6290.00","0.00","6290.00"
"singh roadlines","srl-rdr-25/26-097","2025-06-23","6290.00","0.00","6290.00"
"singh roadlines","srl-rdr-25/26-098","2025-06-24","6290.00","0.00","6290.00"
"singh roadlines","srl-rdr-25/26-102","2025-06-27","6290.00","0.00","6290.00"
"singh roadlines","srl-rdr-25/26-121","2025-06-27","6290.00","0.00","6290.00"
"singh roadlines","srl-rdr-25/26-122","2025-07-07","9650.00","0.00","9650.00"
"singh roadlines","srl-rdr-25/26-123","2025-07-15","28940.00","0.00","28940.00"
"singh roadlines","srl-rdr-25/26-156","2025-08-07","9650.00","0.00","9650.00"
"singh roadlines","srl-rdr-25/26-165","2025-08-18","1850.00","0.00","1850.00"
"singh roadlines","srl-rdr-25/26-171","2025-08-30","9650.00","0.00","9650.00"
"singh roadlines","srl-rdr-25/26-188","2025-09-08","22760.00","0.00","22760.00"
"singh roadlines","srl-rdr-25/26-189","2025-09-12","36570.00","0.00","36570.00"
"singh roadlines","srl-rdr-25/26-210","2025-09-16","33320.00","0.00","33320.00"
"singh roadlines","srl-rdr-25/26-215","2025-09-20","11620.00","0.00","11620.00"
"singh roadlines","srl-rdr-25/26-217","2025-09-22","9160.00","0.00","9160.00"
"singh roadlines","srl-rdr-25/26-219","2025-09-26","7060.00","0.00","7060.00"
"singh roadlines","srl-rdr-25/26-232","2025-09-29","17510.00","0.00","17510.00"
"singh roadlines","srl-rdr-25/26-239","2025-10-01","15360.00","0.00","15360.00"
"singh roadlines","srl-rdr-25/26-242","2025-10-04","18900.00","0.00","18900.00"
"singh roadlines","srl-rdr-25/26-243","2025-10-09","11260.00","0.00","11260.00"
"singh roadlines","srl-rdr-25/26-244","2025-10-13","30320.00","0.00","30320.00"
"singh roadlines","srl-rdr-25/26-266","2025-10-24","33310.00","0.00","33310.00"
"singh roadlines","srl-rdr-25/26-269","2025-10-30","34870.00","0.00","34870.00"
"singh roadlines","srl-rdr-25/26-282","2025-11-03","10660.00","0.00","10660.00"
"singh roadlines","srl-rdr-25/26-283","2025-11-07","18802.00","0.00","18802.00"
"singh roadlines","srl-rdr-25/26-285","2025-11-11","23430.00","0.00","23430.00"
"singh roadlines","srl-rdr-25/26-299","2025-11-18","19300.00","0.00","19300.00"
"singh roadlines","srl-rdr-25/26-302","2025-11-25","36566.00","0.00","36566.00"
"singh roadlines","srl-rdr-25/26-323","2025-11-30","41810.00","0.00","41810.00"
"singh roadlines","srl-rdr-25/26-326","2025-12-11","42000.00","0.00","42000.00"
"singh roadlines","srl-rdr-25/26-345","2025-12-19","25950.00","0.00","25950.00"
"singh roadlines","srl-rdr-25/26-374","2026-01-13","58960.00","0.00","58960.00"
"singh roadlines","srl-rdr-25/26-396","2026-01-21","37740.00","0.00","37740.00"
"singh roadlines","srl-rdr-25/26-401","2026-01-28","31500.00","0.00","31500.00"
"singh roadlines","srl-rdr-25/26-421","2026-02-01","29650.00","0.00","29650.00"
"singh roadlines","srl-rdr-25/26-448","2026-02-13","67980.00","0.00","67980.00"
"singh roadlines","srl-rdr-25/26-450","2026-02-24","49650.00","0.00","49650.00"
"singh roadlines","srl-rdr-25/26-479","2026-03-01","33320.00","0.00","33320.00"
"singh roadlines","srl-rdr-25/26-481","2026-03-07","43500.00","0.00","43500.00"
"sky 4 logistics","s4l/25-26/0003","2025-04-15","93390.20","16810.24","110200.44"
"sky 4 logistics","s4l/25-26/0009","2025-04-30","155436.60","27978.59","183415.19"
"sky 4 logistics","s4l/25-26/0011","2025-05-01","90112.00","10813.44","100925.44"
"sky 4 logistics","s4l/25-26/0012","2025-05-01","33400.00","4008.00","37408.00"
"sky 4 logistics","s4l/25-26/0013","2025-05-01","38200.00","4584.00","42784.00"
"sky 4 logistics","s4l/25-26/0041","2025-06-01","232441.00","41839.38","274280.38"
"sky 4 logistics","s4l/25-26/0042","2025-06-01","234858.00","28182.96","263040.96"
"sky 4 logistics","s4l/25-26/0043","2025-06-01","40500.00","4860.00","45360.00"
"sky 4 logistics","s4l/25-26/0044","2025-06-01","48500.00","5820.00","54320.00"
"sky 4 logistics","s4l/25-26/0045","2025-06-01","39600.00","4752.00","44352.00"
"sky 4 logistics","s4l/25-26/0046","2025-06-01","198691.96","23843.04","222535.00"
"sky 4 logistics","s4l/25-26/0063","2025-06-15","206904.00","37242.72","244146.72"
"sky 4 logistics","s4l/25-26/0070","2025-07-01","96797.00","11615.64","108412.64"
"sky 4 logistics","s4l/25-26/0071","2025-07-01","36000.00","4320.00","40320.00"
"sky 4 logistics","s4l/25-26/0072","2025-07-01","41300.00","4956.00","46256.00"
"sky 4 logistics","s4l/25-26/0073","2025-07-01","61400.80","11052.14","72452.94"
"sky 4 logistics","s4l/25-26/0095","2025-08-01","242026.00","43564.68","285590.68"
"sky 4 logistics","s4l/25-26/0102","2025-08-01","162381.00","29228.58","191609.58"
"sky 4 logistics","s4l/25-26/0103","2025-08-01","149881.00","17985.72","167866.72"
"sky 4 logistics","s4l/25-26/0104","2025-08-01","205224.00","24626.88","229850.88"
"sky 4 logistics","s4l/25-26/0105","2025-08-01","43100.00","5172.00","48272.00"
"sky 4 logistics","s4l/25-26/0106","2025-08-01","51100.00","6132.00","57232.00"
"sky 4 logistics","s4l/25-26/0107","2025-08-01","55600.00","6672.00","62272.00"
"sky 4 logistics","s4l/25-26/0108","2025-08-01","46200.00","5544.00","51744.00"
"sky 4 logistics","s4l/25-26/0126","2025-09-05","120505.00","14460.60","134965.60"
"sky 4 logistics","s4l/25-26/0127","2025-09-05","130977.00","15717.24","146694.24"
"sky 4 logistics","s4l/25-26/0128","2025-09-05","79764.00","9571.68","89335.68"
"sky 4 logistics","s4l/25-26/0129","2025-09-05","216867.00","39036.06","255903.06"
"sky 4 logistics","s4l/25-26/0130","2025-09-05","169105.00","30438.90","199543.90"
"sky 4 logistics","s4l/25-26/0131","2025-09-05","45500.00","5460.00","50960.00"
"sky 4 logistics","s4l/25-26/0132","2025-09-05","46300.00","5556.00","51856.00"
"sky 4 logistics","s4l/25-26/0133","2025-09-05","40600.00","4872.00","45472.00"
"sky 4 logistics","s4l/25-26/0134","2025-09-05","9000.00","1080.00","10080.00"
"sky 4 logistics","s4l/25-26/0175","2025-10-05","73909.00","13303.62","87212.62"
"sky 4 logistics","s4l/25-26/0176","2025-10-05","163582.00","29444.76","193026.76"
"sky 4 logistics","s4l/25-26/0177","2025-10-05","169372.00","30486.96","199858.96"
"sky 4 logistics","s4l/25-26/0178","2025-10-05","39185.00","7053.30","46238.30"
"sky 4 logistics","s4l/25-26/0179","2025-10-05","39700.00","7146.00","46846.00"
"sky 4 logistics","s4l/25-26/0180","2025-10-05","45500.00","8190.00","53690.00"
"sky 4 logistics","s4l/25-26/0188","2025-10-05","43900.00","7902.00","51802.00"
"sky 4 logistics","s4l/25-26/0189","2025-10-05","8500.00","1530.00","10030.00"
"sky 4 logistics","s4l/25-26/0223","2025-11-15","39064.00","7031.52","46095.52"
"sky 4 logistics","s4l/25-26/0224","2025-11-15","123720.00","22269.60","145989.60"
"sky 4 logistics","s4l/25-26/0225","2025-11-15","226235.60","40722.41","266958.01"
"sky 4 logistics","s4l/25-26/0226","2025-11-15","45700.00","8226.00","53926.00"
"sky 4 logistics","s4l/25-26/0227","2025-11-15","41700.00","7506.00","49206.00"
"sky 4 logistics"," s4l/25-26/0261","2025-12-10","120020.80","21603.74","141624.54"
"sky 4 logistics"," s4l/25-26/0262","2025-12-10","60179.60","10832.33","71011.93"
"sky 4 logistics"," s4l/25-26/0263","2025-12-10","81895.00","14741.10","96636.10"
"sky 4 logistics"," s4l/25-26/0264","2025-12-10","47479.00","8546.22","56025.22"
"sky 4 logistics"," s4l/25-26/0265","2025-12-10","45400.00","8172.00","53572.00"
"sky 4 logistics"," s4l/25-26/0266","2025-12-10","43200.00","7776.00","50976.00"
"sky 4 logistics"," s4l/25-26/0267","2025-12-10","25800.00","4644.00","30444.00"
"sky 4 logistics"," s4l/25-26/0300","2026-01-10","30649.00","5516.82","36166.00"
"sky 4 logistics"," s4l/25-26/0301","2026-01-10","54284.00","9771.12","64055.00"
"sky 4 logistics"," s4l/25-26/0302","2026-01-10","26100.00","4698.00","30798.00"
"sky 4 logistics"," s4l/25-26/0303","2026-01-10","24400.00","4392.00","28792.00"
"sky 4 logistics"," s4l/25-26/0334","2026-02-15","37524.00","6754.32","44278.32"
"sky 4 logistics"," s4l/25-26/0335","2026-02-15","111165.80","20009.84","131175.64"
"sky 4 logistics"," s4l/25-26/0336","2026-02-15","23900.00","4302.00","28202.00"
"sky 4 logistics"," s4l/25-26/0337","2026-02-15","23500.00","4230.00","27730.00"
"sky 4 logistics"," s4l/25-26/0338","2026-02-15","30450.00","5481.00","35931.00"
"sky 4 logistics","s4l/25-26/0374","2026-03-05","38404.00","6912.72","45316.72"
"sky 4 logistics","s4l/25-26/0375","2026-03-05","23923.00","4306.14","28229.14"
"sky 4 logistics","s4l/25-26/0376","2026-03-05","73072.00","13152.96","86224.96"
"sky 4 logistics","s4l/25-26/0377","2026-03-05","26400.00","4752.00","31152.00"
"sky 4 logistics","s4l/25-26/0378","2026-03-05","32600.00","5868.00","38468.00"
"sky 4 logistics","s4l/25-26/0379","2026-03-05","33100.00","5958.00","39058.00"
"sky 4 logistics","s4l/25-26/0380","2026-03-05","6710.00","1207.80","7917.80"
"singh roadlines","srl-rdr-26/27-005","2026-04-08","8740.00","0.00","8740.00"
"singh roadlines","srl-rdr-26/27-008","2026-04-09","18630.00","0.00","18630.00"
"btl express pvt ltd","btl/26-27/0012","2026-04-16","24275.00","4369.50","28645.00"
"singh roadlines","srl-rdr-26/27-021","2026-04-15","44954.00","0.00","44954.00"
"singh roadlines","srl-rdr-26/27-029","2026-04-18","12070.00","0.00","12072.00"
"singh roadlines","srl-rdr-26/27-030","2026-04-30","30376.00","0.00","30376.00"
"singh roadlines","srl-rdr-26/27-031","2026-04-27","25694.00","0.00","25694.00"
"kumar autowheels pvt ltd","rbc27a000947","2026-05-22","7782.10","1400.76","0.00"
"singh roadlines","srl-rdr-26/27-051","2026-05-08","39740.00","0.00","39740.00"
"singh roadlines","srl-rdr-26/27-070","2026-05-25","132912.00","0.00","132912.00"
"vedant energy solutions","ve/116/26-27","2026-05-25","18825.25","3392.32","22285.00"
"singh roadlines","srl-rdr-26/27-094","2026-06-09","30000.00","0.00","30000.00"
"btl express pvt ltd","btl/26-27/0030","2026-05-01","23991.00","4318.38","28309.00"
"btl express pvt ltd","btl/26-27/0056","2026-05-16","99995.00","17999.10","117994.00"
"btl express pvt ltd","btl/26-27/0076","2026-06-01","53145.36","9566.16","62712.00"
"btl express pvt ltd","btl/26-27/0095","2026-06-16","125365.80","22565.84","147932.00"
"gadget box retail pvt ltd","xpl/26-27/1139","2026-06-25","21332.50","3839.85","25172.35"
"singh roadlines","srl-rdr-26/27-095","2026-06-14","24880.00","0.00","24880.00"
"singh roadlines","srl-rdr-26/27-122","2026-06-26","22930.00","0.00","22930.00"
"cj darcl","di4006002495","2026-07-01","4448.00","800.60","5248.00"
"shri swamijee train carriers pvt ltd","2026-27/855","2026-05-29","9100.00","1638.00","10638.00"
"singh roadlines","srl-rdr-26/27-142","2026-07-02","18560.00","0.00","18560.00"
"singh roadlines","srl-rdr-26/27-143","2026-07-06","34656.00","0.00","34656.00"
"singh roadlines","srl-rdr-26/27-147","2026-07-08","16478.00","0.00","16478.00"
"btl express pvt ltd","btl/26-27/0115","2026-06-30","111663.41","20099.41","131763.00"
"btl express pvt ltd","btl/26-27/0135","2026-07-16","35463.00","6383.34","41846.00"
"cj darcl","di3906008735","2026-04-07","3439.83","619.17","4059.00"
"hogobie tech private limited","inv-25-26-001808","2026-03-31","12636.00","2274.48","14910.00"
"hogobie tech private limited","inv-26-27-00192","2026-04-30","4068.00","732.24","4800.00"
"hogobie tech private limited","inv-26-27-00374","2026-05-31","20271.00","3648.78","23920.00"
"hogobie tech private limited","inv-26-27-000545","2026-06-30","26190.00","4714.20","30904.00"
"hogobie tech private limited","inv-26-27-000097","2026-04-15","31771.00","5718.78","37490.00"
"shri swamijee train carriers pvt ltd","2026-27/1314","2026-06-30","10400.00","1872.00","12272.00"
"sky 4 logistics","s4l/26_27/0032","2026-04-15","63256.00","11386.08","74642.08"
"sky 4 logistics","s4l/26_27/0033","2026-04-15","87792.00","15802.56","103594.56"
"sky 4 logistics","s4l/26_27/0034","2026-04-15","34087.20","6135.70","40222.90"
"sky 4 logistics","s4l/26-27/0035","2026-04-15","177515.20","31952.74","209467.94"
"sky 4 logistics","s4l/26-27/0037","2026-04-15","114700.00","20646.00","135346.00"
"sky 4 logistics","s4l/26-27/0101","2026-06-05","104700.00","18846.00","123546.00"
"sky 4 logistics","s4l/26-27/0102","2026-06-05","142572.00","25662.96","168234.96"
"sky 4 logistics","s4l/26-27/0103","2026-06-05","137980.00","24836.40","162816.40"
"sky 4 logistics","s4l/26-27/0104","2026-06-05","128024.00","23044.32","151068.32"
"sky 4 logistics","s4l/26-27/0105","2026-06-05","191464.80","34463.66","225928.46"
"sky 4 logistics","s4l/26-27/0106","2026-06-05","107840.00","19411.20","127251.20"
"sky 4 logistics","s4l/26-27/0107","2026-06-05","140929.60","25367.33","166296.93"
"sky 4 logistics","s4l/26-27/0108","2026-06-05","16500.00","2970.00","19470.00"
"sky 4 logistics","s4l/26-27/0109","2026-06-05","24300.00","4374.00","28674.00"
"sky 4 logistics","s4l/26-27/0110","2026-06-05","16200.00","2916.00","19116.00"
"sky 4 logistics","s4l/26-27/0111","2026-06-05","14448.00","2600.64","17048.64"
"singh roadlines","srl-rdr-26/27-190","2026-07-31","35692.00","0.00","35692.00"
