awb,date,mode,client,origin,destination,consignor,consignee,box,actual_wt,charge_wt,type_of_delivery,insured,remarks,clerk_name,status,frieght_charge,awb_charge,pickup_charge,delivery_charge,packaging_charge,handling_charge
204031,16-01-2026,Air,MINDA WESTPORT TECHNOLOGIES LTD,MANESAR,RANJANGAON,MINDA WESTPORT TECHNOLOGIES LTD,FIAT INDIA AUTOMOBILES PRIVATE LTD.,30,208,208,AUTO PARTS,Owner,APROVED BY SURENDRA JEE,AKASH,0,12480,100,0,1500,0,0
204042,20-01-2026,Air,ADVIK HI TECH PVT. LTD. (PLANT-15),RUDRAPUR,PUNE,AANCHAL INDUSTRIES,ADVIK HI TECH PVT. LTD. (PLANT-15),1,0,0,AUTO PARTS,Owner,TO PAY,Admin,0,2500,0,0,0,0,0
204078,30-01-2026,Air,MINDA WESTPORT TECHNOLOGIES LTD,MANESAR,PUNE,MINDA WESTPORT TECHNOLOGIES LTD,TATA MOTORS LIMITED,71,405,405,AUTO PARTS,Owner,,Admin,0,0,0,0,0,0,0
204084,31-01-2026,Air,STARWAYS PRECISIONS PVT. LTD.,PUNE,SITARGANJ,STARWAYS PRECISIONS PVT. LTD.,STARWAYS INDUSTRIES (SI),1-Bag,0,50,Auto Parts,Owner,NA,Admin,0,0,0,0,0,0,0
204094,03-02-2026,Air,MINDA WESTPORT TECHNOLOGIES LTD,MANESAR,AHMEDABAD,MINDA WESTPORT TECHNOLOGIES LTD,TATA MOTORS LIMITED,26,83,100,AUTO PARTS,Owner,,Admin,0,0,0,0,0,0,0
204129,10-02-2026,Air,MINDA WESTPORT TECHNOLOGIES LTD,MANESAR,AHMEDABAD,MINDA WESTPORT TECHNOLOGIES LTD,TATA MOTORS LIMITED,25,175,175,AUTOPARTS,Owner,,Admin,0,0,0,0,0,0,0
204141,13-02-2026,Air,MINDA WESTPORT TECHNOLOGIES LTD,MANESAR,PUNE,MINDA WESTPORT TECHNOLOGIES LTD,TATA MOTORS LIMITED,91,493,493,AUTO PARTS,Owner,,Admin,0,0,0,0,0,0,0
204143,14-02-2026,Air,MINDA WESTPORT TECHNOLOGIES LTD,MANESAR,PUNE,MINDA WESTPORT TECHNOLOGIES LTD,TATA MOTORS LIMITED,132,0,0,AUTO PARTS,Owner,,Admin,0,0,0,0,0,0,0
204165,19-02-2026,Train,UNITED BIOCEUTICALS PVT LTD,INDORE,HARIDWAR,PANCHSTEEL ORGANICS LIMITED,UNITED BIOCEUTICALS PVT LTD,4,0,100,AUTO PARTS,Owner,TO PAY CONSIGNMENT,Admin,0,2200,100,1000,1500,0,0
204290,19-03-2026,Air,MANTRI METALLICS PVT LTD- PTN,PUNE,PANTNAGAR,SUJAN CONTITECH AVS PVT LTD,MANTRI METALLICS PVT LTD- PTN,1-Box,0,0,Auto Parts,Owner,NA,SANJIT,0,0,0,0,0,0,0
204295,19-03-2026,Air,BADVE AUTOCOMPS PVT LTD-II,PANTNAGAR,PUNE,BELRISE INDUSTRIES LTD UNIT -IX,BADVE AUTOCOMPS PVT LTD-II,2,0,50,AUTO PARTS,Owner,,Admin,0,0,0,0,0,0,0
204334,27-03-2026,Air,BADVE AUTOCOMPS PVT LTD-II,PANTNAGAR,PUNE,BELRISE INDUSTRIES LTD UNIT -IX,BADVE AUTOCOMPS PVT LTD-II,4 BOX,0,0,AUTO PARTS,Owner,123*41*26 CMS,Admin,0,0,0,0,0,0,0
204367,01-04-2026,Road,SMART CARGO TRADERS,DELHI-AIRPORT,RUDRAPUR,SMART CARGO TRADERS,SMART CARGO TRADERS,6,92,100,AUTO PARTS,Client,,Admin,0,0,0,0,0,0,0
204368,01-04-2026,Road,SMART CARGO TRADERS,DELHI-STATION,RUDRAPUR,XPERT LOGISTICS,XPERT LOGISTICS,14,216,220,AUTO PARTS,Client,,Admin,0,0,0,0,0,0,0
204414,30-10-2025,Road,SKY 4 PUNE,PANTNAGAR,PUNE,SKY 4 PANTNAGAR,SKY 4 PUNE,2,0,0,AUTO PARTS,,,Admin,0,0,0,0,0,0,0
204706,22-05-2026,Train,SMART CARGO TRADERS,PANTNAGAR,ENNORE,AUTOCOMP CORPORATION PANSE PVT LTD,ASHOK LEYLAND LTD,26,0,0,AUTO PARTS,Client,,Admin,0,0,0,0,0,0,0
204707,22-05-2026,Air,JAI MALHAR ENTERPRISES,PUNE,PANTNAGAR,JAI MALHAR ENTERPRISES,ESS DEE RECONNECT LLP,1,0,0,AUTO PARTS,Client,,Admin,0,0,0,0,0,0,0
204742,26-05-2026,Train,AUTOCOMP CORPORATION PANSE PVT LTD,PANTNAGAR,ENNORE,AUTOCOMP CORPORATION PANSE PVT LTD,ASHOK LEYLAND LTD,30,0,0,AUTO PARTS,Client,70*52*22,Admin,0,0,0,0,0,0,0
204855,10-06-2026,Air,BELRISE INDUSTRIES LTD,PANTNAGAR,AURANGABAD,NEEL METAL PRODUCTS LTD,BELRISE INDUSTRIES LTD,24,0,0,AUTO PARTS,Client,,Admin,0,0,0,0,0,0,0
204856,10-06-2026,Air,BELRISE INDUSTRIES LTD,PANTNAGAR,AURANGABAD,NEEL METAL PRODUCTS LTD,BELRISE INDUSTRIES LTD,13,0,0,AUTO PARTS,Client,,Admin,0,0,0,0,0,0,0
204857,10-06-2026,Air,BELRISE INDUSTRIES LTD,PANTNAGAR,AURANGABAD,NEEL METAL PRODUCTS LTD,BELRISE INDUSTRIES LTD,2,0,0,AUTO PARTS,Client,,Admin,0,0,0,0,0,0,0
204867,11-06-2026,Air,BELRISE INDUSTRIES LTD,PANTNAGAR,AURANGABAD,NEEL METAL PRODUCTS LTD,BELRISE INDUSTRIES LTD,52,0,0,AUTO PARTS,Client,,Admin,0,0,0,0,0,0,0
204873,12-06-2026,Air,BELRISE INDUSTRIES LTD,PANTNAGAR,AURANGABAD,NEEL METAL PRODUCTS LTD,BELRISE INDUSTRIES LTD,24 box + 4 bags,0,0,AUTO PARTS,Client,,Admin,0,0,0,0,0,0,0
204874,12-06-2026,Train,BELRISE INDUSTRIES LTD,PANTNAGAR,AURANGABAD,NEEL METAL PRODUCTS LTD,BELRISE INDUSTRIES LTD,12 box 31 bags,0,0,AUTO PARTS,Client,,Admin,0,0,0,0,0,0,0
204882,13-06-2026,Air,BELRISE INDUSTRIES LTD,PANTNAGAR,AURANGABAD,NEEL METAL PRODUCTS LTD,BELRISE INDUSTRIES LTD,1,0,0,AUTO PART,Client,,SUNIL,0,0,0,0,0,0,0
204883,13-06-2026,Train,BELRISE INDUSTRIES LTD,PANTNAGAR,AURANGABAD,NEEL METAL PRODUCTS LTD,BELRISE INDUSTRIES LTD,22 BOX + 18 BAGS,0,0,AUTO PART,Client,,SUNIL,0,0,0,0,0,0,0
204897,15-06-2026,Train,BELRISE INDUSTRIES LTD,PANTNAGAR,AURANGABAD,NEEL METAL PRODUCTS LTD,BELRISE INDUSTRIES LTD,19 BOX,0,0,AUTO PARTS,Client,,Admin,0,0,0,0,0,0,0
204898,15-06-2026,Air,BELRISE INDUSTRIES LTD,PANTNAGAR,AURANGABAD,NEEL METAL PRODUCTS LTD,BELRISE INDUSTRIES LTD,2 BOX,0,0,AUTO PARTS,Client,,Admin,0,0,0,0,0,0,0
204899,15-06-2026,Train,AUTOCOMP CORPORATION PANSE PVT LTD,PANTNAGAR,ENNORE,AUTOCOMP CORPORATION PANSE PVT LTD,ASHOK LEYLAND LTD,24 BOX,0,0,AUTO PARTS,Client,,Admin,0,0,0,0,0,0,0
204911,16-06-2026,Air,BELRISE INDUSTRIES LTD,PANTNAGAR,AURANGABAD,NEEL METAL PRODUCTS LTD,BELRISE INDUSTRIES LTD,3,0,0,AUTO PARTS,Client,,Admin,0,0,0,0,0,0,0
204912,16-06-2026,Train,BELRISE INDUSTRIES LTD,PANTNAGAR,AURANGABAD,NEEL METAL PRODUCTS LTD,BELRISE INDUSTRIES LTD,9 BOX + 5 BAGS,0,0,AUTO PARTS,Client,,Admin,0,0,0,0,0,0,0
204916,17-06-2026,Train,AUTOCOMP CORPORATION PANSE PVT LTD,PANTNAGAR,ENNORE,AUTOCOMP CORPORATION PANSE PVT LTD,ASHOK LEYLAND LTD,20,0,0,AUTO PARTS,Client,,Admin,0,0,0,0,0,0,0
204929,17-06-2026,Air,AUTOCOMP CORPORATION PANSE PVT LTD,PANTNAGAR,ENNORE,AUTOCOMP CORPORATION PANSE PVT LTD,ASHOK LEYLAND LTD,10,0,0,AUTO PARTS,Client,,Admin,0,0,0,0,0,0,0
204932,17-06-2026,Air,BELRISE INDUSTRIES LTD,PANTNAGAR,AURANGABAD,NEEL METAL PRODUCTS LTD,BELRISE INDUSTRIES LTD,2 BOX,0,0,AUTO PARTS,Client,,Admin,0,0,0,0,0,0,0
204933,17-06-2026,Train,BELRISE INDUSTRIES LTD,PANTNAGAR,AURANGABAD,NEEL METAL PRODUCTS LTD,BELRISE INDUSTRIES LTD,4 BOX + 5 BAG,0,0,AUTO PARTS,Client,,Admin,0,0,0,0,0,0,0
204942,18-06-2026,Air,BELRISE INDUSTRIES LTD,PANTNAGAR,AURANGABAD,NEEL METAL PRODUCTS LTD,BELRISE INDUSTRIES LTD,3 BOX,0,0,AUTO PART,Client,,SUNIL,0,0,0,0,0,0,0
204943,18-06-2026,Train,BELRISE INDUSTRIES LTD,PANTNAGAR,AURANGABAD,NEEL METAL PRODUCTS LTD,BELRISE INDUSTRIES LTD,2 BOX + 5 BAG,0,0,AUTO PART,Client,,SUNIL,0,0,0,0,0,0,0
204955,19-06-2026,Air,BELRISE INDUSTRIES LTD,PANTNAGAR,AURANGABAD,NEEL METAL PRODUCTS LTD,BELRISE INDUSTRIES LTD,02 BOX,0,0,AUTO PART,Client,,SUNIL,0,0,0,0,0,0,0
205121,11-07-2026,Air,CRD COMPONENTS,PUNE,CHENNAI,PREMOLC INDUSTRIES LLP,CRD COMPONENTS,1,0,0,Auto Parts,Client,NA,SANJIT,0,0,0,0,0,0,0
205182,17-07-2026,Road,U. S. AUTO CONTROLS PVT LTD,PANTNAGAR,PUNE,HARIHARESHWAR AUTO TECH PRIVATE LIMITED,U. S. AUTO CONTROLS PVT LTD,18 BAG,0,0,AUTO PART,Client,,Admin,0,0,0,0,0,0,0
205190,20-07-2026,Road,SKY 4 PUNE,DELHI-STATION,PANTNAGAR,L & L PRODICTS INDIA PVT. LTD.,L & L PRODICTS INDIA PVT. LTD.,42,0,0,AUTO PART,Client,,SUNIL,0,0,0,0,0,0,0
205208,21-07-2026,Air,CRD COMPONENTS,PUNE,CHENNAI,PREMOLC INDUSTRIES LLP,CRD COMPONENTS,1,0,0,Auto Parts,Client,NA,SANJIT,0,0,0,0,0,0,0
205292,01-08-2026,Road,SHREYA INDUSTRIES - PNQ,PUNE,PANTNAGAR,SHREYA INDUSTRIES - PNQ,SHREYA INDUSTRIES- PNT,36,0,0,AUTO PART,Client,,SUNIL,0,0,0,0,0,0,0
205293,01-08-2026,Road,SKY 4 PUNE,DELHI-STATION,PANTNAGAR,L & L PRODICTS INDIA PVT. LTD.,L & L PRODICTS INDIA PVT. LTD.,12,0,0,AUTO PART,Client,,SUNIL,0,0,0,0,0,0,0
205294,01-08-2026,Train,STARWAYS INDUSTRIES (SI),PUNE,SITARGANJ,RUPKANT INDUSTRIES,STARWAYS INDUSTRIES (SI),1,0,0,Auto Parts,Client,NA,SANJIT,0,0,0,0,0,0,0
205295,01-08-2026,Air,STARWAYS PRECISIONS PVT. LTD.,PUNE,SITARGANJ,STARWAYS PRECISIONS PVT. LTD.,STARWAYS INDUSTRIES (SI),2,0,0,Auto Parts,Client,NA,SANJIT,0,0,0,0,0,0,0
205296,01-08-2026,Air,U. S. AUTO CONTROLS PVT LTD,PUNE,PANTNAGAR,U. S. AUTO CONTROLS PVT LTD,HARIHARESHWAR AUTO TECH PRIVATE LIMITED,14,0,0,Auto Parts,Client,NA,SANJIT,0,0,0,0,0,0,0
205297,01-08-2026,Air,BELRISE INDUSTRIES LTD UNIT -IX,AURANGABAD,PANTNAGAR,DHANANJAY AUTO CRAFT PVT.LTD - I,BELRISE INDUSTRIES LTD UNIT -IX,10,0,0,Auto Parts,Client,NA,SANJIT,0,0,0,0,0,0,0
205298,01-08-2026,Air,BELRISE INDUSTRIES LTD UNIT -IX,AURANGABAD,PANTNAGAR,BADVE AUTOCOMPS PVT LTD 1K,BELRISE INDUSTRIES LTD UNIT -IX,7,0,0,Auto Parts,Client,NA,SANJIT,0,0,0,0,0,0,0
205299,02-08-2026,Air,BELRISE INDUSTRIES LTD UNIT -IX,PUNE,PANTNAGAR,BADVE AUTOCOMPS PVT LTD-II,BELRISE INDUSTRIES LTD UNIT -IX,3,0,0,Auto Parts,Client,NA,SUNIL,0,0,0,0,0,0,0
205300,02-08-2026,Air,BELRISE INDUSTRIES LTD UNIT -IX,PUNE,PANTNAGAR,BADVE AUTOCOMPS PVT LTD-II,BELRISE INDUSTRIES LTD UNIT -IX,15,0,0,Auto Parts,Client,NA,SUNIL,0,0,0,0,0,0,0
205301,02-08-2026,Air,REUTTER INNOVATIVE CLOSURE TECHNOLOGIES (P) LTD,PUNE,CHENNAI,CRD COMPONENTS,REUTTER INNOVATIVE CLOSURE TECHNOLOGIES (P) LTD,1,0,0,Auto Parts,Client,"Pickup in Premolc company Pune, Narhe",SANJIT,0,0,0,0,0,0,0
205302,02-08-2026,Train,DALI SAMIR ENGG.PVT LTD-PUNE,PUNE,PANTNAGAR,SANSA AUTO ENGINEERING COMPANY - PUNE,DALI SAMIR ENGG PVT LTD- PTN,8,0,0,Auto Parts,Client,NA,SANJIT,0,0,0,0,0,0,0
205303,02-08-2026,Air,BELRISE INDUSTRIES LTD UNIT -IX,PUNE,PANTNAGAR,PJ AUTOMATION SOLUTIONS,BELRISE INDUSTRIES LTD UNIT -IX,1,0,0,Auto Parts,Client,NA,SANJIT,0,0,0,0,0,0,0
205304,02-08-2026,Train,SKY 4 PUNE,PUNE,PANTNAGAR,L & L PRODICTS INDIA PVT. LTD.,L & L PRODICTS INDIA PVT. LTD.,2,0,0,AUTO PART,Client,,SUNIL,0,0,0,0,0,0,0
205305,03-08-2026,Air,SKY 4 PUNE,PUNE,PANTNAGAR,L & L PRODICTS INDIA PVT. LTD.,L & L PRODICTS INDIA PVT. LTD.,46,0,0,AUTO PART,Client,,SUNIL,0,0,0,0,0,0,0
205306,03-08-2026,Road,SHREYA INDUSTRIES - PNQ,PUNE,PANTNAGAR,SHREYA INDUSTRIES - PNQ,SHREYA INDUSTRIES- PNT,20,0,0,AUTO PART,Client,,SUNIL,0,0,0,0,0,0,0
205307,03-08-2026,Road,SHREYA INDUSTRIES - PNQ,PUNE,PANTNAGAR,SHREYA INDUSTRIES - PNQ,SHREYA INDUSTRIES- PNT,16,0,0,AUTO PART,Client,,SUNIL,0,0,0,0,0,0,0
205308,03-08-2026,Air,DALI SAMIR ENGG.PVT LTD-PUNE,PUNE,PANTNAGAR,SANSA AUTO ENGINEERING COMPANY - PUNE,DALI SAMIR ENGG PVT LTD- PTN,4,0,0,Auto Parts,Client,NA,SANJIT,0,0,0,0,0,0,0
205309,03-08-2026,Air,DALI SAMIR ENGG.PVT LTD-PUNE,PUNE,PANTNAGAR,SANSA AUTO ENGINEERING COMPANY - PUNE,DALI SAMIR ENGG PVT LTD- PTN,2,0,0,Auto Parts,Client,NA,SANJIT,0,0,0,0,0,0,0
205310,03-08-2026,Air,DALI SAMIR ENGG.PVT LTD-PUNE,PUNE,PANTNAGAR,SANSA AUTO ENGINEERING COMPANY - PUNE,DALI SAMIR ENGG PVT LTD- PTN,2,0,0,Auto Parts,Client,NA,SANJIT,0,0,0,0,0,0,0
205311,03-08-2026,Air,STARWAYS INDUSTRIES- CHAKAN,PUNE,SITARGANJ,STARWAYS INDUSTRIES- CHAKAN,STARWAYS INDUSTRIES (SI),1,0,0,Auto Parts,Client,NA,SANJIT,0,0,0,0,0,0,0
205312,03-08-2026,Air,STARWAYS PRECISIONS PVT. LTD.,PUNE,SITARGANJ,STARWAYS PRECISIONS PVT. LTD.,STARWAYS INDUSTRIES (SI),2,0,0,Auto Parts,Client,NA,SANJIT,0,0,0,0,0,0,0
205313,03-08-2026,Train,STARWAYS PRECISIONS PVT. LTD.,PUNE,SITARGANJ,STARWAYS PRECISIONS PVT. LTD.,STARWAYS INDUSTRIES (SI),8,0,0,Auto Parts,Client,NA,SANJIT,0,0,0,0,0,0,0
205314,03-08-2026,Air,U. S. AUTO CONTROLS PVT LTD,PUNE,PANTNAGAR,U. S. AUTO CONTROLS PVT LTD,HARIHARESHWAR AUTO TECH PRIVATE LIMITED,10,0,0,Auto Parts,Client,NA,SANJIT,0,0,0,0,0,0,0
205315,04-08-2026,Train,DALI SAMIR ENGG.PVT LTD-PUNE,PUNE,PANTNAGAR,SANSA AUTO ENGINEERING COMPANY - PUNE,DALI SAMIR ENGG PVT LTD- PTN,9,0,0,Auto Parts,Client,NA,SANJIT,0,0,0,0,0,0,0
205316,04-08-2026,Air,U. S. AUTO CONTROLS PVT LTD,PUNE,PANTNAGAR,U. S. AUTO CONTROLS PVT LTD,HARIHARESHWAR AUTO TECH PRIVATE LIMITED,11,0,0,Auto Parts,Client,NA,SANJIT,0,0,0,0,0,0,0
205317,05-08-2026,Air,SHREYA INDUSTRIES - PNQ,PUNE,PANTNAGAR,SHREYA INDUSTRIES - PNQ,SHREYA INDUSTRIES- PNT,36,0,0,Auto parts,Client,,SUNIL,0,0,0,0,0,0,0
205318,03-08-2026,Air,BELRISE INDUSTRIES LTD UNIT -IX,PUNE,PANTNAGAR,BADVE AUTOCOMPS PVT LTD-II,BELRISE INDUSTRIES LTD UNIT -IX,11,0,0,AUTO PARTS,Client,,Admin,0,0,0,0,0,0,0
205319,04-08-2026,Air,BELRISE INDUSTRIES LTD UNIT -IX,AURANGABAD,PANTNAGAR,BADVE AUTOCOMPS PVT LTD 1K,BELRISE INDUSTRIES LTD UNIT -IX,16,0,0,AUTO PARTS,Client,,Admin,0,0,0,0,0,0,0
205320,04-08-2026,Air,BELRISE INDUSTRIES LTD UNIT -IX,PUNE,PANTNAGAR,BADVE AUTOCOMPS PVT LTD-II,BELRISE INDUSTRIES LTD UNIT -IX,9,0,0,AUTO PARTS,Client,NA,Admin,0,0,0,0,0,0,0
205321,04-08-2026,Air,HIMALAYAN AUTO ERA PVT LTD,NASIK,PANTNAGAR,MD INDUSTRIES,HIMALAYAN AUTO ERA PVT LTD,3,0,0,AUTO PARTS,Client,,Admin,0,0,0,0,0,0,0
205322,03-08-2026,Air,SKY 4 PUNE,PUNE,PANTNAGAR,L & L PRODICTS INDIA PVT. LTD.,L & L PRODICTS INDIA PVT. LTD.,18,0,0,AUTO PART,Client,,SUNIL,0,0,0,0,0,0,0
205323,05-08-2026,Road,SKY 4 PUNE,PUNE,PANTNAGAR,L & L PRODICTS INDIA PVT. LTD.,L & L PRODICTS INDIA PVT. LTD.,15,0,0,AUTO PART,Client,,SUNIL,0,0,0,0,0,0,0
205324,05-08-2026,Air,U. S. AUTO CONTROLS PVT LTD,PUNE,PANTNAGAR,U. S. AUTO CONTROLS PVT LTD,HARIHARESHWAR AUTO TECH PRIVATE LIMITED,9,0,0,Auto Parts,Client,NA,SANJIT,0,0,0,0,0,0,0
205325,05-08-2026,Air,DALI SAMIR ENGG.PVT LTD-PUNE,PUNE,PANTNAGAR,SANSA AUTO ENGINEERING COMPANY - PUNE,DALI SAMIR ENGG PVT LTD- PTN,4,0,0,Auto Parts,Client,NA,SANJIT,0,0,0,0,0,0,0
205326,05-08-2026,Air,DALI SAMIR ENGG.PVT LTD-PUNE,PUNE,PANTNAGAR,SANSA AUTO ENGINEERING COMPANY - PUNE,DALI SAMIR ENGG PVT LTD- PTN,3,0,0,Auto Parts,Client,NA,SUNIL,0,0,0,0,0,0,0
205327,05-08-2026,Train,PANORAMA AUTOMOTIVE IND. PVT. LTD.,PUNE,PANTNAGAR,POLE STAR AUTO,PANORAMA AUTOMOTIVE IND. PVT. LTD.,3,0,0,Auto Parts,Client,NA,SANJIT,0,0,0,0,0,0,0
205328,05-08-2026,Air,SKY 4 PUNE,PUNE,PANTNAGAR,L & L PRODICTS INDIA PVT. LTD.,L & L PRODICTS INDIA PVT. LTD.,23,0,0,AUTO PART,Client,,SUNIL,0,0,0,0,0,0,0
205329,06-08-2026,Air,SKY 4 PUNE,PUNE,PANTNAGAR,L & L PRODICTS INDIA PVT. LTD.,L & L PRODICTS INDIA PVT. LTD.,27,0,0,AUTO PART,Client,,SUNIL,0,0,0,0,0,0,0
205330,05-08-2026,Air,BELRISE INDUSTRIES LTD UNIT -IX,AURANGABAD,PANTNAGAR,BADVE AUTOCOMPS PVT LTD 1K,BELRISE INDUSTRIES LTD UNIT -IX,7,0,0,Auto Parts,Client,NA,SANJIT,0,0,0,0,0,0,0
205331,06-08-2026,Road,U. S. AUTO CONTROLS PVT LTD,PUNE,PANTNAGAR,U. S. AUTO CONTROLS PVT LTD,METALFABTECH LLP,4,0,0,Auto Parts,Client,NA,SANJIT,0,0,0,0,0,0,0
205332,06-08-2026,Air,U. S. AUTO CONTROLS PVT LTD,PUNE,PANTNAGAR,U. S. AUTO CONTROLS PVT LTD,HARIHARESHWAR AUTO TECH PRIVATE LIMITED,2,0,0,Auto Parts,Client,NA,SANJIT,0,0,0,0,0,0,0
205333,06-08-2026,Road,U. S. AUTO CONTROLS PVT LTD,PUNE,PANTNAGAR,U. S. AUTO CONTROLS PVT LTD,HARIHARESHWAR AUTO TECH PRIVATE LIMITED,5,0,0,Auto Parts,Client,NA,SANJIT,0,0,0,0,0,0,0
205334,05-08-2026,Air,BELRISE INDUSTRIES LTD UNIT -IX,AURANGABAD,PANTNAGAR,MAHAVIR ENGINEERING WORKS,BELRISE INDUSTRIES LTD UNIT -IX,2,0,0,Auto Parts,Client,NA,SANJIT,0,0,0,0,0,0,0
205335,05-08-2026,Air,BELRISE INDUSTRIES LTD UNIT -IX,PUNE,PANTNAGAR,AMEYA INDUSTRIES,BELRISE INDUSTRIES LTD UNIT -IX,10,0,0,AUTO PARTS,Client,,Admin,0,0,0,0,0,0,0
205336,06-08-2026,Train,DALI SAMIR ENGG.PVT LTD-PUNE,PUNE,PANTNAGAR,DALI SAMIR ENGG.PVT LTD-PUNE,DALI SAMIR ENGG PVT LTD- PTN,4,0,0,Auto Parts,Client,NA,SANJIT,0,0,0,0,0,0,0
205337,05-08-2026,Air,BELRISE INDUSTRIES LTD UNIT -IX,PUNE,PANTNAGAR,BADVE AUTOCOMPS PVT LTD-II,BELRISE INDUSTRIES LTD UNIT -IX,4,0,0,Auto Parts,Client,"PICKUP IN NIGS INDIA PRIVATE LIMITED NANEKARWADI, PUNE PLANT",SANJIT,0,0,0,0,0,0,0
205338,05-08-2026,Air,BELRISE INDUSTRIES LTD UNIT -IX,PUNE,PANTNAGAR,BADVE AUTOCOMPS PVT LTD-II,BELRISE INDUSTRIES LTD UNIT -IX,9,0,0,Auto Parts,Client,"PICKUP IN NIGS INDIA PRIVATE LIMITED NANEKARWADI, PUNE PLANT",SANJIT,0,0,0,0,0,0,0
205340,07-08-2026,Road,SHREYA INDUSTRIES - PNQ,PUNE,PANTNAGAR,SHREYA INDUSTRIES - PNQ,SHREYA INDUSTRIES- PNT,30,0,0,AUTO PART,Client,,SUNIL,0,0,0,0,0,0,0
205341,06-08-2026,Air,BELRISE INDUSTRIES LTD UNIT -IX,AURANGABAD,PANTNAGAR,BADVE AUTOCOMPS PVT LTD-II,BELRISE INDUSTRIES LTD UNIT -IX,10,0,0,AUTO PARTS,Client,,Admin,0,0,0,0,0,0,0
205342,07-08-2026,Train,HIMALAYAN AUTO ERA PVT LTD,PUNE,PANTNAGAR,ATHARVA FOUNDRIES PVT. LTD.,HIMALAYAN AUTO ERA PVT LTD,20,0,0,Auto Parts,Client,"PICKUP IN DHIMESH INDUSTRIES AANANDI PHATA, PUNE PLANT",SANJIT,0,0,0,0,0,0,0
205343,07-08-2026,Air,BELRISE INDUSTRIES LTD UNIT -IX,PUNE,PANTNAGAR,PJ AUTOMATION SOLUTIONS,BELRISE INDUSTRIES LTD UNIT -IX,1,0,0,Auto Parts,Client,NA,SANJIT,0,0,0,0,0,0,0
205344,07-08-2026,Train,DALI SAMIR ENGG.PVT LTD-PUNE,PUNE,PANTNAGAR,SANSA AUTO ENGINEERING COMPANY - PUNE,DALI SAMIR ENGG PVT LTD- PTN,4,0,0,Auto Parts,Client,NA,SANJIT,0,0,0,0,0,0,0
205345,07-08-2026,Air,U. S. AUTO CONTROLS PVT LTD,PUNE,PANTNAGAR,U. S. AUTO CONTROLS PVT LTD,HARIHARESHWAR AUTO TECH PRIVATE LIMITED,12,0,0,Auto Parts,Client,NA,SANJIT,0,0,0,0,0,0,0
205346,07-08-2026,Air,BELRISE INDUSTRIES LTD UNIT -IX,PUNE,PANTNAGAR,PJ AUTOMATION SOLUTIONS,BELRISE INDUSTRIES LTD UNIT -IX,1,0,0,Auto Parts,Client,NA,SANJIT,0,0,0,0,0,0,0
205347,07-08-2026,Air,BELRISE INDUSTRIES LTD UNIT -IX,PANTNAGAR,PUNE,BELRISE INDUSTRIES LTD UNIT -IX,BADVE AUTOCOMPS PVT LTD-II,10 BAG,0,0,AUTO PARTS,Client,,Admin,0,0,0,0,0,0,0
205348,07-08-2026,Air,U. S. AUTO CONTROLS PVT LTD,ROHTAK,PUNE,SHRI RAM INDUSTRIES,HARIHARESHWAR AUTO TECH PRIVATE LIMITED,4,0,0,Auto Parts,Client,"DELIVERY POINT U.S. AUTO CONTROLS PVT LTD DEHU, PUNE PLANT",SANJIT,0,0,0,0,0,0,0
205349,08-08-2026,Road Express,HIMALAYAN AUTO ERA PVT LTD,PUNE,PANTNAGAR,FRACTMET ENGINEERING LLP,HIMALAYAN AUTO ERA PVT LTD,12,0,0,Auto Parts,Client,NA,SANJIT,0,0,0,0,0,0,0
205350,08-08-2026,Road,SHREYA INDUSTRIES - PNQ,PUNE,PANTNAGAR,SHREYA INDUSTRIES - PNQ,SHREYA INDUSTRIES- PNT,30,0,0,Auto Parts,Client,NA,SANJIT,0,0,0,0,0,0,0
205351,08-08-2026,Train,DALI SAMIR ENGG.PVT LTD-PUNE,PUNE,PANTNAGAR,SANSA AUTO ENGINEERING COMPANY - PUNE,DALI SAMIR ENGG PVT LTD- PTN,7,0,0,Auto Parts,Client,NA,Admin,0,0,0,0,0,0,0
205352,08-08-2026,Air,BELRISE INDUSTRIES LTD UNIT -IX,PANTNAGAR,PUNE,BELRISE INDUSTRIES LTD UNIT -IX,BADVE AUTOCOMPS PVT LTD-II,10 BAGS,0,0,AUTO PART,Client,,SUNIL,0,0,0,0,0,0,0
205353,08-08-2026,Air,U. S. AUTO CONTROLS PVT LTD,PUNE,PANTNAGAR,U. S. AUTO CONTROLS PVT LTD,HARIHARESHWAR AUTO TECH PRIVATE LIMITED,11,0,0,Auto Parts,Client,NA,SANJIT,0,0,0,0,0,0,0
205354,06-08-2026,Train,DALI SAMIR ENGG.PVT LTD-PUNE,PUNE,PANTNAGAR,SANSA AUTO ENGINEERING COMPANY - PUNE,DALI SAMIR ENGG PVT LTD- PTN,4,0,0,AUTO PART,Client,,SUNIL,0,0,0,0,0,0,0
205355,09-08-2026,Air,BELRISE INDUSTRIES LTD UNIT -IX,PANTNAGAR,PUNE,BELRISE INDUSTRIES LTD UNIT -IX,BADVE AUTOCOMPS PVT LTD-II,13 BAGS,0,0,AUTO PARTS,Client,,Admin,0,0,0,0,0,0,0
205356,05-08-2026,Train,ASHA INDUSTRIES,AURANGABAD,PANTNAGAR,ASHA INDUSTRIES,BELRISE INDUSTRIES LTD UNIT -IX,1,0,0,Auto Parts,Client,NA,SANJIT,0,0,0,0,0,0,0
205357,09-08-2026,Air,U. S. AUTO CONTROLS PVT LTD,PUNE,PANTNAGAR,U. S. AUTO CONTROLS PVT LTD,HARIHARESHWAR AUTO TECH PRIVATE LIMITED,5,0,0,Auto Parts,Client,NA,SANJIT,0,0,0,0,0,0,0
205358,09-08-2026,Train,PANORAMA AUTOMOTIVE IND. PVT. LTD.,PUNE,PANTNAGAR,SHREE KAPUR INDUSTRIES,PANORAMA AUTOMOTIVE IND. PVT. LTD.,4,0,0,Auto Parts,Client,NA,SANJIT,0,0,0,0,0,0,0
205359,10-08-2026,Road,SKY 4 PUNE,DELHI-STATION,PANTNAGAR,SKY 4 PUNE,SKY 4 PANTNAGAR,23,0,0,Auto parts,Client,,Admin,0,0,0,0,0,0,0
205360,10-08-2026,Road,SKY 4 PUNE,DELHI-AIRPORT,PANTNAGAR,L & L PRODICTS INDIA PVT. LTD.,L & L PRODICTS INDIA PVT. LTD.,6,0,0,AUTO PARTS,Client,,Admin,0,0,0,0,0,0,0
205361,10-09-2026,Air,SKY 4 PUNE,PUNE,PANTNAGAR,THAKUR PLASTICS -,ROOP POLYMERS LIMITED,5,0,0,AUTO PART,Client,,SUNIL,0,0,0,0,0,0,0
205362,10-08-2026,Road,SHREYA INDUSTRIES - PNQ,PUNE,PANTNAGAR,SHREYA INDUSTRIES - PNQ,SHREYA INDUSTRIES- PNT,30,0,0,Auto Parts,Client,NA,SANJIT,0,0,0,0,0,0,0
205363,10-08-2026,Road,JAY BALAJI LOGISTICS,PANTNAGAR,DELHI,JAY BALAJI LOGISTICS,JAY BALAJI LOGISTICS,18,205,205,AUTO PARTS,Client,,Admin,0,1025,100,0,0,0,0
205364,10-08-2026,Air,BELRISE INDUSTRIES LTD UNIT -IX,PUNE,PANTNAGAR,BADVE AUTOCOMPS PVT LTD-II,BELRISE INDUSTRIES LTD UNIT -IX,10,0,0,Auto Parts,Client,NA,SANJIT,0,0,0,0,0,0,0
205365,10-08-2026,Air,BELRISE INDUSTRIES LTD UNIT -IX,PUNE,PANTNAGAR,BADVE AUTOCOMPS PVT LTD-II,BELRISE INDUSTRIES LTD UNIT -IX,15,0,0,Auto Parts,Client,NA,SANJIT,0,0,0,0,0,0,0
205366,10-08-2026,Air,BELRISE INDUSTRIES LTD UNIT -IX,AURANGABAD,PANTNAGAR,DHANANJAY AUTO CRAFT PVT.LTD - I,BELRISE INDUSTRIES LTD UNIT -IX,20,0,0,Auto Parts,Client,NA,SANJIT,0,0,0,0,0,0,0
205367,10-08-2026,Air,U. S. AUTO CONTROLS PVT LTD,PUNE,PANTNAGAR,U. S. AUTO CONTROLS PVT LTD,HARIHARESHWAR AUTO TECH PRIVATE LIMITED,13,0,0,Auto Parts,Client,NA,SANJIT,0,0,0,0,0,0,0
205368,11-08-2026,Road,U. S. AUTO CONTROLS PVT LTD,PUNE,PANTNAGAR,U. S. AUTO CONTROLS PVT LTD,HARIHARESHWAR AUTO TECH PRIVATE LIMITED,5,0,0,Auto Parts,Client,NA,SANJIT,0,0,0,0,0,0,0
205369,11-08-2026,Air,SKY 4 PUNE,PUNE,PANTNAGAR,L & L PRODICTS INDIA PVT. LTD.,L & L PRODICTS INDIA PVT. LTD.,1,0,0,AUTO PART,Client,,SUNIL,0,0,0,0,0,0,0
205370,11-08-2026,Road Express,HIMALAYAN AUTO ERA PVT LTD,PUNE,PANTNAGAR,ATHARVA FOUNDRIES PVT. LTD.,HIMALAYAN AUTO ERA PVT LTD,20,0,0,Auto Parts,Client,NA,SANJIT,0,0,0,0,0,0,0
205373,11-08-2026,Road,SHREYA INDUSTRIES - PNQ,PUNE,PANTNAGAR,SHREYA INDUSTRIES - PNQ,SHREYA INDUSTRIES- PNT,30,0,0,Auto Parts,Client,NA,SANJIT,0,0,0,0,0,0,0
205372,11-08-2026,Air,AOR LOGISTICS PRIVATE LIMITED,DELHI-AIRPORT,PUNE,RUDRA CASTING PRIVATE LIMITED,STANLEY BLACK AND DECKER INDIA PVT. LTD.,16,0,0,AUTO PARTS,Client,AIRPORT DELIVERY,Admin,0,0,0,0,0,0,0
205374,11-08-2026,Air,U. S. AUTO CONTROLS PVT LTD,PANTNAGAR,PUNE,HARIHARESHWAR AUTO TECH PRIVATE LIMITED,U. S. AUTO CONTROLS PVT LTD,08 BAGS,0,0,AUTO PART,Client,,SUNIL,0,0,0,0,0,0,0
205375,11-08-2026,Air,BELRISE INDUSTRIES LTD UNIT -IX,PANTNAGAR,PUNE,BELRISE INDUSTRIES LTD UNIT -IX,BADVE AUTOCOMPS PVT LTD-II,21 BAGS,0,0,AUTO PART,Client,,SUNIL,0,0,0,0,0,0,0
205371,11-08-2026,Air,DALI SAMIR ENGG.PVT LTD-PUNE,PUNE,PANTNAGAR,SANSA AUTO ENGINEERING COMPANY - PUNE,DALI SAMIR ENGG PVT LTD- PTN,2,0,0,Auto Parts,Client,NA,SANJIT,0,0,0,0,0,0,0
205376,11-08-2026,Air,U. S. AUTO CONTROLS PVT LTD,PUNE,PANTNAGAR,U. S. AUTO CONTROLS PVT LTD,HARIHARESHWAR AUTO TECH PRIVATE LIMITED,7,0,0,Auto Parts,Client,NA,SANJIT,0,0,0,0,0,0,0
205377,11-08-2026,Air,BELRISE INDUSTRIES LTD UNIT -IX,PUNE,PANTNAGAR,BADVE AUTOCOMPS PVT LTD-II,BELRISE INDUSTRIES LTD UNIT -IX,11,0,0,Auto Parts,Client,NA,SANJIT,0,0,0,0,0,0,0
205378,11-08-2026,Air,BELRISE INDUSTRIES LTD UNIT -IX,PUNE,PANTNAGAR,BADVE AUTOCOMPS PVT LTD-II,BELRISE INDUSTRIES LTD UNIT -IX,10,0,0,Auto Parts,Client,NA,SANJIT,0,0,0,0,0,0,0
205379,12-08-2026,Road,SKY 4 PUNE,DELHI-AIRPORT,PANTNAGAR,L & L PRODICTS INDIA PVT. LTD.,L & L PRODICTS INDIA PVT. LTD.,25,0,0,AUTO PARTS,Client,,Admin,0,0,0,0,0,0,0
205380,12-08-2026,Road,SKY 4 PUNE,DELHI-STATION,PANTNAGAR,L & L PRODICTS INDIA PVT. LTD.,L & L PRODICTS INDIA PVT. LTD.,35,0,0,AUTO PARTS,Client,,Admin,0,0,0,0,0,0,0
205381,12-08-2026,Air,DALI SAMIR ENGG.PVT LTD-PUNE,PUNE,PANTNAGAR,SANSA AUTO ENGINEERING COMPANY - PUNE,DALI SAMIR ENGG PVT LTD- PTN,2,0,0,Auto Parts,Client,NA,SUNIL,0,0,0,0,0,0,0
205382,13-08-2026,Road,SHREYA INDUSTRIES - PNQ,PUNE,PANTNAGAR,SHREYA INDUSTRIES - PNQ,SHREYA INDUSTRIES- PNT,30,0,30,AUTO PARTS,Client,,Admin,0,0,0,0,0,0,0
205383,12-08-2026,Air,U. S. AUTO CONTROLS PVT LTD,PUNE,PANTNAGAR,U. S. AUTO CONTROLS PVT LTD,HARIHARESHWAR AUTO TECH PRIVATE LIMITED,5,0,0,Auto Parts,Client,NA,SANJIT,0,0,0,0,0,0,0
205384,13-08-2026,Road,U. S. AUTO CONTROLS PVT LTD,PUNE,PANTNAGAR,U. S. AUTO CONTROLS PVT LTD,METALFABTECH LLP,4,0,0,Auto Parts,Client,NA,SANJIT,0,0,0,0,0,0,0
205385,13-08-2026,Road,SKY 4 PUNE,PUNE,PANTNAGAR,L & L PRODICTS INDIA PVT. LTD.,L & L PRODICTS INDIA PVT. LTD.,18,0,0,AUTO PART,Client,,SUNIL,0,0,0,0,0,0,0
205386,13-08-2026,Road,SHREYA INDUSTRIES - PNQ,PUNE,PANTNAGAR,SHREYA INDUSTRIES - PNQ,SHREYA INDUSTRIES- PNT,30,0,0,AUTO PARTS,Client,,Admin,0,0,0,0,0,0,0
205387,13-08-2026,Air,U. S. AUTO CONTROLS PVT LTD,PUNE,PANTNAGAR,U. S. AUTO CONTROLS PVT LTD,HARIHARESHWAR AUTO TECH PRIVATE LIMITED,6,0,0,Auto Parts,Client,NA,SANJIT,0,0,0,0,0,0,0
205388,12-08-2026,Air,BELRISE INDUSTRIES LTD UNIT -IX,PUNE,PANTNAGAR,BADVE AUTOCOMPS PVT LTD-II,BELRISE INDUSTRIES LTD UNIT -IX,25 BOX,0,0,AUTO PART,Client,,SUNIL,0,0,0,0,0,0,0
205389,14-08-2026,Road,U. S. AUTO CONTROLS PVT LTD,PUNE,PANTNAGAR,U. S. AUTO CONTROLS PVT LTD,HARIHARESHWAR AUTO TECH PRIVATE LIMITED,8,0,0,Auto Parts,Client,NA,SANJIT,0,0,0,0,0,0,0
205390,14-08-2026,Road,U. S. AUTO CONTROLS PVT LTD,PUNE,PANTNAGAR,U. S. AUTO CONTROLS PVT LTD,METALFABTECH LLP,4,0,0,Auto Parts,Client,NA,SANJIT,0,0,0,0,0,0,0
205391,12-08-2026,Air,BELRISE INDUSTRIES LTD UNIT -IX,PUNE,PANTNAGAR,BADVE AUTOCOMPS PVT LTD-II,BELRISE INDUSTRIES LTD UNIT -IX,25,0,0,Auto Parts,Client,NA,SANJIT,0,0,0,0,0,0,0
205392,13-08-2026,Air,BELRISE INDUSTRIES LTD UNIT -IX,PUNE,PANTNAGAR,BADVE AUTOCOMPS PVT LTD-II,BELRISE INDUSTRIES LTD UNIT -IX,16,0,0,Auto Parts,Client,NA,SANJIT,0,0,0,0,0,0,0
205393,14-08-2026,Road,DALI SAMIR ENGG.PVT LTD-PUNE,PANTNAGAR,PUNE,DALI SAMIR ENGG PVT LTD- PTN,DALI SAMIR ENGG.PVT LTD-PUNE,2,0,3000,DG SET,Client,,Admin,0,0,0,0,0,0,0
205394,14-08-2026,Road,SKY 4 PUNE,PUNE,PANTNAGAR,L & L PRODICTS INDIA PVT. LTD.,L & L PRODICTS INDIA PVT. LTD.,10,0,0,AUTO PART,Client,,SUNIL,0,0,0,0,0,0,0
205396,14-08-2026,Air,BELRISE INDUSTRIES LTD UNIT -IX,PUNE,PANTNAGAR,BADVE AUTOCOMPS PVT LTD-II,BELRISE INDUSTRIES LTD UNIT -IX,16,0,0,Auto Parts,Client,NA,SANJIT,0,0,0,0,0,0,0
205397,14-08-2026,Air,U. S. AUTO CONTROLS PVT LTD,PUNE,PANTNAGAR,U. S. AUTO CONTROLS PVT LTD,HARIHARESHWAR AUTO TECH PRIVATE LIMITED,7,0,0,Auto Parts,Client,NA,SANJIT,0,0,0,0,0,0,0
205399,15-08-2026,Train,PANORAMA AUTOMOTIVE IND. PVT. LTD.,PUNE,PANTNAGAR,S. M. ENTERPRISES,PANORAMA AUTOMOTIVE IND. PVT. LTD.,3,0,0,Auto Parts,Client,NA,SANJIT,0,0,0,0,0,0,0
205400,14-08-2026,Air,SKY 4 PUNE,PUNE,PANTNAGAR,L & L PRODICTS INDIA PVT. LTD.,L & L PRODICTS INDIA PVT. LTD.,8,0,0,AUTO PART,Client,SPL,SUNIL,0,0,0,0,0,0,0
205401,16-08-2026,Air,HIMALAYAN AUTO ERA PVT LTD,PUNE,PANTNAGAR,VENKATESH AUTOMOBILE PVT LTD,HIMALAYAN AUTO ERA PVT LTD,8,0,0,Auto Parts,Client,NA,SANJIT,0,0,0,0,0,0,0
205402,16-08-2026,Train,DALI SAMIR ENGG.PVT LTD-PUNE,PUNE,PANTNAGAR,SANSA AUTO ENGINEERING COMPANY - PUNE,DALI SAMIR ENGG PVT LTD- PTN,4,0,0,Auto Parts,Client,NA,SANJIT,0,0,0,0,0,0,0
205403,16-08-2026,Air,U. S. AUTO CONTROLS PVT LTD,PUNE,PANTNAGAR,U. S. AUTO CONTROLS PVT LTD,HARIHARESHWAR AUTO TECH PRIVATE LIMITED,4,0,0,Auto Parts,Client,NA,SANJIT,0,0,0,0,0,0,0
205404,16-08-2026,Air,BELRISE INDUSTRIES LTD UNIT -IX,PUNE,PANTNAGAR,BADVE AUTOCOMPS PVT LTD-II,BELRISE INDUSTRIES LTD UNIT -IX,16,0,0,Auto Parts,Client,NA,SANJIT,0,0,0,0,0,0,0
205405,16-08-2026,Air,BELRISE INDUSTRIES LTD UNIT -IX,PUNE,PANTNAGAR,BADVE AUTOCOMPS PVT LTD-II,BELRISE INDUSTRIES LTD UNIT -IX,4,0,0,Auto Parts,Client,NA,SANJIT,0,0,0,0,0,0,0
205406,17-08-2026,Road,SHREYA INDUSTRIES - PNQ,PUNE,PANTNAGAR,SHREYA INDUSTRIES - PNQ,SHREYA INDUSTRIES- PNT,30,0,0,AUTO PARTS,Client,,Admin,0,0,0,0,0,0,0
205407,17-08-2026,Train,SKY 4 PUNE,PUNE,PANTNAGAR,L & L PRODICTS INDIA PVT. LTD.,L & L PRODICTS INDIA PVT. LTD.,12,0,0,AUTO PART,Client,,SUNIL,0,0,0,0,0,0,0
205408,17-08-2026,Road,U. S. AUTO CONTROLS PVT LTD,PUNE,PANTNAGAR,U. S. AUTO CONTROLS PVT LTD,HARIHARESHWAR AUTO TECH PRIVATE LIMITED,10,0,0,Auto Parts,Client,NA,SANJIT,0,0,0,0,0,0,0
205409,17-08-2026,Air,U. S. AUTO CONTROLS PVT LTD,PUNE,PANTNAGAR,U. S. AUTO CONTROLS PVT LTD,HARIHARESHWAR AUTO TECH PRIVATE LIMITED,10,0,0,Auto Parts,Client,NA,SANJIT,0,0,0,0,0,0,0
205410,18-08-2026,Road,SHREYA INDUSTRIES - PNQ,PUNE,PANTNAGAR,SHREYA INDUSTRIES - PNQ,SHREYA INDUSTRIES- PNT,30,0,0,Na,Client,NA,SANJIT,0,0,0,0,0,0,0
205411,16-08-2026,Train,AOR LOGISTICS PRIVATE LIMITED,DELHI-STATION,PUNE,AOR LOGISTICS PRIVATE LIMITED,AOR LOGISTICS PRIVATE LIMITED,10,0,0,AUTO PARTS,Client,,Admin,0,0,0,0,0,0,0
205412,18-08-2026,Road,SHREYA INDUSTRIES - PNQ,PANTNAGAR,PUNE,SHREYA INDUSTRIES- PNT,SHREYA INDUSTRIES - PNQ,2485,0,0,AUTO PART,Client,,SUNIL,0,0,0,0,0,0,0
205413,17-08-2026,Air,BELRISE INDUSTRIES LTD UNIT -IX,PUNE,PANTNAGAR,BADVE AUTOCOMPS PVT LTD-II,BELRISE INDUSTRIES LTD UNIT -IX,14,0,0,Auto Parts,Client,NA,SANJIT,0,0,0,0,0,0,0
205414,18-08-2026,Train,DALI SAMIR ENGG.PVT LTD-PUNE,PUNE,PANTNAGAR,SANSA AUTO ENGINEERING COMPANY - PUNE,DALI SAMIR ENGG PVT LTD- PTN,5,0,0,Auto Parts,Client,NA,SANJIT,0,0,0,0,0,0,0
205415,18-08-2026,Train,HIMALAYAN AUTO ERA PVT LTD,PUNE,PANTNAGAR,ATHARVA FOUNDRIES PVT. LTD.,HIMALAYAN AUTO ERA PVT LTD,16,0,0,Auto Parts,Client,NA,SANJIT,0,0,0,0,0,0,0
205416,18-08-2026,Road Express,HIMALAYAN AUTO ERA PVT LTD,PUNE,PANTNAGAR,ATHARVA FOUNDRIES PVT. LTD.,HIMALAYAN AUTO ERA PVT LTD,16,0,0,Auto Parts,Client,NA,SANJIT,0,0,0,0,0,0,0
205417,18-08-2026,Air,HIMALAYAN AUTO ERA PVT LTD,PUNE,PANTNAGAR,VENKATESH AUTOMOBILE PVT LTD,HIMALAYAN AUTO ERA PVT LTD,5,0,0,Auto Parts,Client,NA,SANJIT,0,0,0,0,0,0,0
205418,18-08-2026,Train,HIMALAYAN AUTO ERA PVT LTD,PUNE,PANTNAGAR,VENKATESH AUTOMOBILE PVT LTD,HIMALAYAN AUTO ERA PVT LTD,26,0,0,Auto Parts,Client,NA,SANJIT,0,0,0,0,0,0,0
205419,18-08-2026,Air,BELRISE INDUSTRIES LTD UNIT-14,PUNE,PANTNAGAR,SIMMONDS MARSHALL LIMITED,BELRISE INDUSTRIES LTD UNIT-14,7,0,0,Auto Parts,Client,NA,SANJIT,0,0,0,0,0,0,0
205420,18-08-2026,Air,U. S. AUTO CONTROLS PVT LTD,PUNE,PANTNAGAR,U. S. AUTO CONTROLS PVT LTD,HARIHARESHWAR AUTO TECH PRIVATE LIMITED,5,0,0,Auto Parts,Client,NA,SANJIT,0,0,0,0,0,0,0
205421,19-08-2026,Road,SHREYA INDUSTRIES - PNQ,PUNE,PANTNAGAR,SHREYA INDUSTRIES - PNQ,SHREYA INDUSTRIES- PNT,30,0,0,Auto Parts,Client,NA,SANJIT,0,0,0,0,0,0,0
205422,19-08-2026,Road,U. S. AUTO CONTROLS PVT LTD,PUNE,PANTNAGAR,U. S. AUTO CONTROLS PVT LTD,HARIHARESHWAR AUTO TECH PRIVATE LIMITED,9,0,0,Auto Parts,Client,NA,SANJIT,0,0,0,0,0,0,0
205423,19-08-2026,Train,DALI SAMIR ENGG.PVT LTD-PUNE,PUNE,PANTNAGAR,SANSA AUTO ENGINEERING COMPANY - PUNE,DALI SAMIR ENGG PVT LTD- PTN,8,0,0,Auto Parts,Client,NA,SANJIT,0,0,0,0,0,0,0
205424,19-08-2026,Air,U. S. AUTO CONTROLS PVT LTD,PUNE,PANTNAGAR,U. S. AUTO CONTROLS PVT LTD,HARIHARESHWAR AUTO TECH PRIVATE LIMITED,12,0,0,Auto Parts,Client,NA,SANJIT,0,0,0,0,0,0,0
205425,19-08-2026,Air,BELRISE INDUSTRIES LTD UNIT -IX,PUNE,PANTNAGAR,BADVE AUTOCOMPS PVT LTD-II,BELRISE INDUSTRIES LTD UNIT -IX,24,0,0,Auto Parts,Client,NA,SANJIT,0,0,0,0,0,0,0
205426,19-08-2026,Air,BELRISE INDUSTRIES LTD UNIT -IX,PUNE,PANTNAGAR,BADVE AUTOCOMPS PVT LTD-II,BELRISE INDUSTRIES LTD UNIT -IX,17,0,0,Auto Parts,Client,NA,SANJIT,0,0,0,0,0,0,0
205427,20-08-2026,Road,U. S. AUTO CONTROLS PVT LTD,PUNE,PANTNAGAR,U. S. AUTO CONTROLS PVT LTD,HARIHARESHWAR AUTO TECH PRIVATE LIMITED,2,0,0,MACHINERY,Client,NA,SANJIT,0,0,0,0,0,0,0
205428,20-08-2026,Road,SHREYA INDUSTRIES - PNQ,PUNE,PANTNAGAR,SHREYA INDUSTRIES - PNQ,SHREYA INDUSTRIES- PNT,30,0,0,Auto Parts,Client,NA,SANJIT,0,0,0,0,0,0,0
205429,20-08-2026,Air,BELRISE INDUSTRIES LTD UNIT -IX,PUNE,PANTNAGAR,BADVE AUTOCOMPS PVT LTD-II,BELRISE INDUSTRIES LTD UNIT -IX,15,0,0,Auto Parts,Client,NA,SANJIT,0,0,0,0,0,0,0
205430,20-08-2026,Air,TISS-KGK SECURITY SYSTEMS PVT LTD,BANGALORE,JAMSHEDPUR,TISS-KGK SECURITY SYSTEMS PVT LTD,BAPL ROTOTECH PVT. LTD.,13,0,0,AUTOPARTS,Client,,Admin,0,0,0,0,0,0,0
205431,20-08-2026,Train,TISS-KGK SECURITY SYSTEMS PVT LTD,BANGALORE,JAMSHEDPUR,TISS-KGK SECURITY SYSTEMS PVT LTD,BAPL ROTOTECH PVT. LTD.,13,0,0,AUTOPARTS,Client,,Admin,0,0,0,0,0,0,0
