Trip no,Vendor name,Created at,Client name,Origin,Destination,Freight,Status,Remarks,Detail date,Handover to,Vehicle no,From,To,Mode,Amount,Status
VND-001,SACHIN,01-08-2026,RUPKANT INDUSTRIES,PUNE,SITARGANJ,0,Pending,BY AIR,01.08.2026,NA,MH12LT6492,HADAPSAR,AIRPORT,TRAIN,0,Pending
VND-002,SACHIN,01-08-2026,STARWAYS PRECISIONS PVT. LTD.,PUNE,SITARGANJ,0,Pending,,01.08.2026,NA,MH12WR1911,MAHALUNGE,TALWADE,AIR,0,Pending
,,,U.S. AUTO CONTROLS PVT LTD,,PANTNAGAR,0,Pending,,,,,TALWADE,AIRPORT,AIR,0,Pending
VND-003,SELF,01-08-2026,DHANANJAY AUTO CRAFT PVT.LTD. - I,AURANGABAD,PANTNAGAR,0,Pending,,01.08.2026,NA,-,AURANGABAD,AIRPORT,AIR,0,Pending
,,,BADVE AUTOCOMPS PVT LTD 1K,,PANTNAGAR,0,Pending,,,,,,,AIR,0,Pending
VND-004,SACHIN,02-08-2026,NIGS INDIA EDGE PRIVATE LIMITED,PUNE,PANTNAGAR,0,Pending,,02.08.2026,NA,MH12WR1911,NANEKARWADI,MAHALUNGE,AIR,0,Pending
,,,BADVE AUTOCOMPS PVT LTD-II,,PANTNAGAR,0,Pending,,,,,,,AIR,0,Pending
VND-005,SACHIN,02-08-2026,SANSA AUTO ENGINEERING COMPANY - PUNE,PUNE,PANTNAGAR,0,Pending,,02.08.2026,NA,MH11BL6889,CHINCHWAD,STATION,TRAIN,0,Pending
VND-006,SACHIN,02-08-2026,CRD COMPONENTS,PUNE,CHENNAI,0,Pending,PICK INPREMOLC PUNE PLANT,02.08.2026,NA,-,NARHE,AIRPORT,AIR,0,Pending
VND-007,SELF,02-08-2026,PJ AUTOMATION SOLUTIONS,PUNE,PANTNAGAR,0,Pending,,02.08.2026,NA,-,TALWADE,AIRPORT,AIR,0,Pending
VND-008,SACHIN,03-08-2026,SANSA AUTO ENGINEERING COMPANY - PUNE,PUNE,PANTNAGAR,0,Pending,,03.08.2026,NA,MH12WR1911,CHINCHWAD,AIRPORT,AIR,0,Pending
VND-009,SACHIN,03-08-2026,SANSA AUTO ENGINEERING COMPANY - PUNE,PUNE,PANTNAGAR,0,Pending,,03.08.2026,NA,MH12WR1911,CHINCHWAD,CHAKAN,AIR,0,Pending
,,,STARWAYS INDUSTRIES-CHAKAN,,SITARGANJ,0,Pending,,,,,CHAKAN,MAHALUNGE,AIR,0,Pending
,,,STARWAYS PRECISIONS PVT. LTD.,,SITARGANJ,0,Pending,,,,,MAHALUNGE,TALWADE,AIR,0,Pending
,,,,,SITARGANJ,0,Pending,,,,,,,TRAIN,0,Pending
,,,U.S. AUTO CONTROLS PVT LTD,,PANTNAGAR,0,Pending,,,,,TALWADE,CHINCHWAD,AIR,0,Pending
,,,SANSA AUTO ENGINEERING COMPANY - PUNE,,PANTNAGAR,0,Pending,,,,,CHINCHWAD,AIRPORT/STATION,AIR,0,Pending
VND-010,SHEIKH,03-08-2026,BADVE AUTOCOMPS PVT LTD-II,PUNE,PANTNAGAR,0,Pending,SINGLE INVOICE TWO POINT PICK-UP,03.08.2026,NA,MH14LL1098,NIGADI,NANEKARWADI,AIR,0,Pending
,,,BADVE AUTOCOMPS PVT LTD-II,,PANTNAGAR,0,Pending,,,,,NANEKARWADI,AIRPORT,AIR,0,Pending
VND-011,SEIKH,04-08-2026,MINDA WESTPORT TECHNOLOGIES LIMITED,GURGAON,PUNE,0,Pending,DELIVERY,04.08.2026,NA,-,AIRPORT,RANJANGAON,AIR,0,Pending
VND-012,SACHIN,04-08-2026,SANSA AUTO ENGINEERING COMPANY - PUNE,PUNE,PANTNAGAR,0,Pending,,04.08.2026,NA,MH12WR1911,CHINCHWAD,DEHU,TRAIN,0,Pending
,,,U.S. AUTO CONTROLS PVT LTD,,PANTNAGAR,0,Pending,,,,,AIRPORT/STATION,,AIR,0,Pending
VND-013,SACHIN,04-08-2026,NIGS INDIA EDGE PRIVATE LIMITED,PUNE,PANTNAGAR,0,Pending,,04.08.2026,NA,MH12LT6492,NANEKARWADI,AIRPORT,AIR,0,Pending
VND-014,SELF,04-08-2026,MD INDUSTRIES,NASHIK,PANTNAGAR,0,Pending,,04.08.2026,NA,-,NASHIK,AIRPORT,AIR,0,Pending
VND-015,SELF,04-08-2026,BADVE AUTOCOMPS PVT LTD 1K,AURANGABAD,PANTNAGAR,0,Pending,,04.08.2026,NA,-,AURANGABAD,AIRPORT,AIR,0,Pending
VND-016,SACHIN,05-08-2026,POLE STAR AUTO,PUNE,PANTNAGAR,0,Pending,,05.08.2026,NA,MH12LT6492,HADAPSAR,STATION,TRAIN,0,Pending
VND-017,SACHIN,05-08-2026,BADVE AUTOCOMPS PVT LDTII,PUNE,PANTNAGAR,0,Pending,,05.08.2026,NA,MH12WR1911,NANEKARWADI,TALWADE,AIR,0,Pending
,,,U.S. AUTO CONTROLS PVT LTD,,PANTNAGAR,0,Pending,,,,,TALWADE,CHINCHWAD,AIR,0,Pending
,,,SANSA AUTO ENGINEERING COMPANY - PUNE,,PANTNAGAR,0,Pending,,,,,CHINCHWAD,AIRPORT/STATION,AIR,0,Pending
,,,,,PANTNAGAR,0,Pending,,,,,,,AIR,0,Pending
VND-018,SACHIN,05-08-2026,AMEYA INDUSTRIES,PUNE,-,0,Pending,EMPTY VECHILE REUTERN,05.08.2026,NA,MH11BL6889,NIGOJE,NANEKARWADI,-,0,Pending
,,,BADVE AUTOCOMPS PVT LTD-II,,PANTNAGAR,0,Pending,,,,,NANEKARWADI,NIGOJE,AIR,0,Pending
,,,AMEYA INDUSTRIES,,PANTNAGAR,0,Pending,,,,,NIGOJE,AIRPORT,AIR,0,Pending
VND-019,SELF,05-08-2026,BADVE AUTOCOMPS PVT LTD 1K,AURANGABAD,PANTNAGAR,0,Pending,,05.08.2026,NA,-,AURANGABAD,AIRPORT,AIR,0,Pending
,,,MAHAVIR ENGINEERING WORKS,,PANTNAGAR,0,Pending,,,,,,,AIR,0,Pending
VND-020,SELF,06-08-2026,SANSA AUTO ENGINEERING COMPANY - PUNE,PUNE,PANTNAGAR,0,Pending,MCPL,06.08.2026,NA,-,SING ROADLINES,GODOWN,TRAIN,0,Pending
VND-021,SACHIN,06-08-2026,U.S. AUTO CONTROLS PVT LTD,PUNE,PANTNAGAR,0,Pending,,06.08.2026,NA,MH12LT6492,DEHU,TALWADE,ROAD,0,Pending
,,,U.S. AUTO CONTROLS PVT LTD,,PANTNAGAR,0,Pending,,,,,TALWADE,SING ROADLINES,ROAD,0,Pending
,,,,,PANTNAGAR,0,Pending,,,,,,,AIR,0,Pending
,,,U.S. AUTO CONTROLS PVT LTD,,PANTNAGAR,0,Pending,,,,,SING ROADLINES,CHINCHWAD,ROAD,0,Pending
,,,,,PANTNAGAR,0,Pending,,,,,,,ROAD,0,Pending
,,,DALI SAMIR ENGG.PVT LTD-PUNE,,PANTNAGAR,0,Pending,,,,,CHINCHWAD,MAHALUNGE,TRAIN,0,Pending
,,,BADVE AUTOCOMPS PVT LTD-II,,PANTNAGAR,0,Pending,,,,,MAHALUNGE,GODOWN,AIR,0,Pending
,,,SANSA AUTO ENGINEERING COMPANY - PUNE,,PANTNAGAR,0,Pending,,,,,GODOWN,AIRPORT/STATION,TRAIN,0,Pending
VND-022,SACHIN,07-08-2026,PJ AUTOMATION SOLUTION,PUNE,PANTNAGAR,0,Pending,,07.08.2026,NA,MH12LT6492,TALWADE,AIRPORT,AIR,0,Pending
VND-023,SHEIKH,07-08-2026,ATHARVA FOUNDRIES PVT. LTD.,PUNE,PANTNAGAR,0,Pending,PICK-UP IN DHIMESH COMPANY,07.08.2026,NA,MH14GD9306,AALANDI PHATA,STATION,TRAIN,0,Pending
VND-024,LEKHRAJ,07-08-2026,ASHA INDUSTRIES,AURANGABAD,PANTNAGAR,0,Pending,,07.08.2026,NA,-,AURANGABAD,AALANDI PHATA,TRAIN,0,Pending
VND-025,SACHIN,07-08-2026,SANSA AUTO ENGINEERING COMPANY - PUNE,PUNE,PANTNAGAR,0,Pending,,07.08.2026,NA,MH12WR1911,CHINCHWAD,DEHU,TRAIN,0,Pending
,,,U.S. AUTO CONTROLS PVT LTD,,PANTNAGAR,0,Pending,,,,,DEHU,TALWADE,AIR,0,Pending
,,,PJ AUTOMATION SOLUTION,,PANTNAGAR,0,Pending,,,NA,,TALWADE,AIRPORT/STATION,AIR,0,Pending
VND-027,SKY4,08-08-2026,ASHA INDUSTRIES,AURANGABAD,PANTNAGAR,0,Pending,,08.08.2026,NA,-,AALANDI PHATA,GODOWN,TRAIN,0,Pending
VND-028,SACHIN,08-08-2026,SHRI RAM INDUSTRIES,ROHTAK,PUNE,0,Pending,DELIVERY IN U.S. AUTO DEHU PLANT,08.08.2026,NA,MH12WR1911,AIRORT,DEHU,AIR,0,Pending
VND-029,SACHIN,08-08-2026,FRACTMET ENGINEERING LLP,PUNE,PANTNAGAR,0,Pending,,08.08.2026,NA,MH12LT6492,VITTHALWADI,SING ROADLINES,ROAD-EXPRESS,0,Pending
VND-030,SACHIN,08-08-2026,U.S. AUTO CONTROLS PVT LTD,PUNE,PANTNAGAR,0,Pending,,08.08.2026,NA,MH11BL6889,DEHU/TALWADE,AIRPORT,AIR,0,Pending
VND-031,SACHIN,08-08-2026,SANSA AUTO ENGINEERING COMPANY - PUNE,PUNE,PANTNAGAR,0,Pending,,08.08.2026,NA,MH12LT6492,CHINCHWAD,GODOWN,TRAIN,0,Pending
,,,ASHA INDUSTRIES,AURANGABAD,PANTNAGAR,0,Pending,,,,,GODOWN,STATION,TRAIN,0,Pending
VND-032,SACHIN,09-08-2026,BELRISE INDUSTRIES LTD UNIT -IX,PANTNAGAR,PUNE,0,Pending,DELIVERY,09.08.2026,NA,MH11BL6889,AIRPORT,MAHALUNGE,AIR,0,Pending
VND-033,SACHIN,09-08-2026,U.S. AUTO CONTROLS PVT LTD,PUNE,PANTNAGAR,0,Pending,,09.08.2026,NA,MH12WR1911,DEHU,AIRPORT,AIR,0,Pending
VND-034,SACHIN,09-08-2026,SHREE KAPOOR INDUSTRIES,PUNE,PANTNAGAR,0,Pending,,09.08.2026,NA,MH12LT6492,HADAPSAR,STATION,TRAIN,0,Pending
VND-035,TUPE JI,10-08-2026,HARIHARESHWAR AUTO TECH PRIVATE LIMITED,PANTNAGAR,PUNE,0,Pending,DELIVERY,10.08.2026,NA,-,SING ROADLINES,DEHU,ROAD,0,Pending
VND-036,SACHIN,10-08-2026,BELRISE INDUSTRIES LTD UNIT -IX,PANTNAGAR,PUNE,0,Pending,DELIVERY,10.08.2026,NA,MH11BL6889,AIRPORT,MAHALUNGE,AIR,0,Pending
VND-037,SACHIN,10-08-2026,BADVE AUTOCOMPS PVT LTD-II,PUNE,PANTNAGAR,0,Pending,,10.08.2026,NA,MH11BL6889,MAHALUNGE,TALWADE,AIR,0,Pending
,,,,,PANTNAGAR,0,Pending,,,,,,,AIR,0,Pending
,,,U.S. AUTO CONTROLS PVT LTD,,PANTNAGAR,0,Pending,,,NA,,TALWADE,AIRPORT,AIR,0,Pending
VND-038,SELF,10-08-2026,DHANANJAY AUTO CRAFT PVT.LTD - I,AURANGABAD,PANTNAGAR,0,Pending,,10.08.2026,NA,-,AURANGABAD,AIRPORT,AIR,0,Pending
VND-039,SACHIN,11-08-2026,U.S. AUTO CONTROLS PVT LTD,PUNE,PANTNAGAR,0,Pending,,11.08.2026,NA,MH12WR1911,TALWADE,SING ROADLINES,ROAD,0,Pending
VND-040,SACHIN,11-08-2026,ATHARVA FOUNDRIES PVT. LTD.,PUNE,PANTNAGAR,0,Pending,PICK-UP IN VENKATESH COMPANY,11.08.2026,NA,MH12WR1911,KHARABWADI,SING ROADLINES,ROAD-EXPRESS,0,Pending
VND-041,SACHIN,11-08-2026,SANSA AUTO ENGINEERING COMPANY - PUNE,PUNE,PANTNAGAR,0,Pending,,11.08.2026,NA,MH12WR1911,CHINCHWAD,AIRPORT,AIR,0,Pending
VND-042,SACHIN,11-08-2026,BADVE AUTOCOMPS PVT LTD-II,PUNE,PANTNAGAR,0,Pending,,11.08.2026,NA,MH12LT6492,MAHALUNGE,TALWADE,AIR,0,Pending
,,,,,PANTNAGAR,0,Pending,,,,,,,AIR,0,Pending
,,,U.S. AUTO CONTROLS PVT LTD,,PANTNAGAR,0,Pending,,,,,TALWADE,AIRPORT,AIR,0,Pending
VND-043,SACHIN,12-08-2026,SANSA AUTO ENGINEERING COMPANY - PUNE,PUNE,PANTNAGAR,0,Pending,,12.08.2026,NA,MH12WR1911,CHINCHWAD,AIRPORT,AIR,0,Pending
VND-044,SACHIN,12-08-2026,BADVE AUTOCOMPS PVT LTD-II,PUNE,PANTNAGAR,0,Pending,,12.08.2026,NA,MH12LT6492,MAHALUNGE,TALWADE,AIR,0,Pending
,,,U.S. AUTO CONTROLS PVT LTD,,PANTNAGAR,0,Pending,,,,,TALWADE,AIRPORT,AIR,0,Pending
VND-045,SELF,12-08-2026,AOR,DELHI,PUNE,0,Pending,MCPL/DELIVERY,12.08.2026,NA,PORTER,AIRPORT,MAHALUNGE,AIR,0,Pending
,,,BELRISE INDUSTRIES LTD UNIT -IX,PANTNAGAR,PUNE,0,Pending,BELRISE 13 BAG HOLD IN GODOWN,,,,MAHALUNGE,GODOWN,AIR,0,Pending
VND-046,SACHIN,13-08-2026,BELRISE INDUSTRIES LTD UNIT -IX,PANTNAGAR,PUNE,0,Pending,DEIVERY,13.08.2026,NA,MH12LT6492,GODOWN,MAHALUNGE,AIR,0,Pending
VND-047,SACHIN,13-08-2026,BELRISE INDUSTRIES LTD UNIT -IX,PANTNAGAR,PUNE,0,Pending,DEIVERY,13.08.2026,NA,MH11BL6889,AIRPORT,MAHALUNGE,AIR,0,Pending
,,,HARIHARESHWAR AUTO TECH PRIVATE LIMITED,,PUNE,0,Pending,,,,,MAHALUNGE,DEHU,AIR,0,Pending
VND-048,SACHIN,13-08-2026,U.S. AUTO CONTROLS PVT LTD,PUNE,PANTNAGAR,0,Pending,,13.08.2026,NA,MH12WR1911,DEHU,SING ROADLINES,ROAD,0,Pending
VND-049,SACHIN,13-08-2026,BADVE AUTOCOMPS PVT LTD-II,PUNE,PANTNAGAR,0,Pending,,13.08.2026,NA,MH12WR1911,MAHALUNGE,DEHU,AIR,0,Pending
,,,U.S. AUTO CONTROLS PVT LTD,,PANTNAGAR,0,Pending,,,,,DEHU,AIRPORT,AIR,0,Pending
VND-050,SACHIN,14-08-2026,BADVE AUTOCOMPS PVT LTD-II,PUNE,PANTNAGAR,0,Pending,AIR-BY TRAIN,14.08.2026,NA,MH12LT6492,MAHALUNGE,TALWADE,AIR,0,Pending
,,,U.S. AUTO CONTROLS PVT LTD,,PANTNAGAR,0,Pending,,,,,TALWADE,STATION,AIR,0,Pending
VND-051,SELF,14-08-2026,VENKATESH AUTOMOBILE PVT LTD,PUNE,PANTNAGAR,0,Pending,MCPL/BY TRAIN,14.08.2026,NA,PORTER,KHARABWADI,STATION,AIR,0,Pending
VND-052,TUPE JI,14-08-2026,U.S. AUTO CONTROLS PVT LTD,PUNE,PANTNAGAR,0,Pending,,14.08.2026,NA,-,DEHU,TALWADE,ROAD,0,Pending
,,,,,PANTNAGAR,0,Pending,,,,,TALWADE,SING ROADLINES,ROAD,0,Pending
VND-053,SACHIN,15-08-2026,S. M. ENTERPRISES,PUNE,PANTNAGAR,0,Pending,,15.08.2026,NA,MH12LT6492,HADAPSAR,STATION,TRAIN,0,Pending
VND-054,SHEIKH,16-08-2026,BADVE AUTOCOMPS PVT LTD-II,PUNE,PANTNAGAR,0,Pending,,16.08.2026,NA,MH14LL1098,MAHALUNGE,AIRPORT,AIR,0,Pending
,,,,,PANTNAGAR,0,Pending,,,,,,,AIR,0,Pending
VND-055,SHEIKH,16-08-2026,SANSA AUTO ENGINEERING COMPANY - PUNE,PUNE,PANTNAGAR,0,Pending,BY AIR,16.08.2026,NA,MH14GD9306,CHICHWAD,TALWADE,TRAIN,0,Pending
,,,U.S. AUTO CONTROLS PVT LTD,,PANTNAGAR,0,Pending,,,,,TALWADE,AIRPORT,AIR,0,Pending
VND-056,SELF,16-08-2026,VENKATESH AUTOMOBILE PVT LTD,PUNE,PANTNAGAR,0,Pending,MCPL,16.08.2026,NA,PRTER,KHARABWADI,AIRPORT,AIR,0,Pending
VND-057,TUPE JI,17-08-2026,U.S. AUTO CONTROLS PVT LTD,PUNE,PANTNAGAR,0,Pending,,17.08.2026,NA,TUPE JI,TALWADE,SING ROADLINES,ROAD,0,Pending
VND-058,SACHIN,17-08-2026,BADVE AUTOCOMPS PVT LTD-II,PUNE,PANTNAGAR,0,Pending,,17.08.2026,NA,MH12LT6492,MAHALUNGE,DEHU,AIR,0,Pending
,,,U.S. AUTO CONTROLS PVT LTD,,PANTNAGAR,0,Pending,,,,,DEHU,AIRPORT,AIR,0,Pending
VND-059,SACHIN,18-08-2026,AOR,DELHI,PUNE,0,Pending,DELIVERY,18.08.2026,NA,MH12WR1911,STATION,MAHALUNGE,TRAIN,0,Pending
VND-060,SHEIKH,18-08-2026,ATHARVA FOUNDRIES PVT. LTD.,PUNE,PANTNAGAR,0,Pending,BY TRAIN,18.08.2026,NA,MH14LL1098,AALANDI PHATA,STATION,ROAD-EXPRESS,0,Pending
,,,,,PANTNAGAR,0,Pending,PICK-UP IN DHIMESH INDUSTRIES COMPANY,,,,,,TRAIN,0,Pending
VND-061,SACHIN,18-08-2026,U.S. AUTO CONTROLS PVT LTD,PUNE,PANTNAGAR,0,Pending,,18.08.2026,NA,MH12LT6492,TALWADE,AIRPORT,AIR,0,Pending
VND-062,SELF,18-08-2026,SIMMONDS MARSHAL LIMITED,PUNE,PANTNAGAR,0,Pending,MCPL,18.08.2026,NA,PORTER,BAMBOLI,HP CHOWK,AIR,0,Pending
VND-063,SACHIN,18-08-2026,SANSA AUTO ENGINEERING COMPANY - PUNE,PUNE,PANTNAGAR,0,Pending,,18.08.2026,NA,MH11BL6889,CHINCHWAD,KHARABWADI,TRAIN,0,Pending
,,,VENKATESH AUTOMOBILE PVT LTD,,PANTNAGAR,0,Pending,,,,,KHARABWADI,HP CHOWK,AIR,0,Pending
,,,,,PANTNAGAR,0,Pending,,,,,,,TRAIN,0,Pending
,,,SIMMONDS MARSHAL LIMITED,,PANTNAGAR,0,Pending,,,,,HP CHOWK,AIRPORT/STATION,AIR,0,Pending
VND-064,SACHIN,19-08-2026,U.S. AUTO CONTROLS PVT LTD,PUNE,PANTNAGAR,0,Pending,,19.08.2026,NA,MH12WR1911,TALWADE,SING ROADLINES,ROAD,0,Pending
VND-065,SEIKH,19-08-2026,SANSA AUTO ENGINEERING COMPANY - PUNE,PUNE,PANTNAGAR,0,Pending,,19.08.2026,NA,MH14GD9306,CHINCHWAD,DEHU/TALWADE,TRAIN,0,Pending
,,,U.S. AUTO CONTROLS PVT LTD,,PANTNAGAR,0,Pending,,,,,DEHU/TALWADE,AIRPORT/STATION,AIR,0,Pending
VND-066,SACHIN,19-08-2026,BADVE AUTOCOMPS PVT LTD-II,PUNE,PANTNAGAR,0,Pending,,19.08.2026,NA,MH12WR1911,MAHALUNGE,AIRPORT,AIR,0,Pending
,,,,,PANTNAGAR,0,Pending,,,,,,,AIR,0,Pending
VND-067,SELF,19-08-2026,U.S. AUTO CONTROLS PVT LTD,PUNE,PANTNAGAR,0,Pending,MCPL,19.08.2026,NA,OPEN VEHICLE,TALWADE,SING ROADLINES,ROAD,0,Pending
VND-068,SHEIKH,20-08-2026,BADVE AUTOCOMPS PVT LTD-II,PUNE,PANTNAGAR,0,Pending,,20.08.2026,NA,MH14LL1098,MAHALUNGE,AIRPORT,AIR,0,Pending
VND-069,SACHIN,21-08-2026,SANSA AUTO ENGINEERING COMPANY - PUNE,PUNE,PANTNAGAR,0,Pending,,21.08.2026,NA,MH11BL6889,CHICHWAD,STATION,TRAIN,0,Pending
VND-070,SACHIN,21-08-2026,BADVE AUTOCOMPS PVT LTD-II,PUNE,PANTNAGAR,0,Pending,,21.08.2026,NA,MH12LT6492,MAHALUNGE,AIRPORT,AIR,0,Pending
VND-071,SACHIN,22-08-2026,U.S. AUTO CONTROLS PVT LTD,PUNE,PANTNAGAR,0,Pending,,22.08.2026,NA,MH12LT6492,DEHU/TALWADE,SING ROADLINES,ROAD,0,Pending
,,,,,,0,Pending,,,,,,,ROAD,0,Pending
VND-072,SACHIN,22-08-2026,RK INDUSTRIES,PUNE,PANTNAGAR,0,Pending,,22.08.2026,NA,MH12LT6492,HADAPSAR,STATION,TRAIN,0,Pending
VND-073,SACHIN,22-08-2026,U.S. AUTO CONTROLS PVT LTD,PUNE,PANTNAGAR,0,Pending,,22.08.2026,NA,MH12LT6492,DEHU/TALWADE,AIRPORT,AIR,0,Pending
VND-074,SACHIN,23-08-2026,U.S. AUTO CONTROLS PVT LTD,PUNE,PANTNAGAR,0,Pending,,23.08.2026,NA,MH12WR1911,DEHU/TALWADE,AIRPORT,AIR,0,Pending
VND-075,SELF,24-08-2026,VENKATESH AUTOMOBILE PVT LTD,PUNE,PANTNAGAR,0,Pending,MCPL,24.08.2026,NA,PORTER,KHRABWADI,GODOWN,AIR,0,Pending
VND-076,SACHIN,24-08-2026,VENKATESH AUTOMOBILE PVT LTD,PUNE,PANTNAGAR,0,Pending,,24.08.2026,NA,MH11BL6889,GODOWN,AIRPORT,AIR,0,Pending
