awb,invdate,value,invoice,part,eway,quantity
203992,03-01-2026,0,10562963,0,0,0
203989,02-01-2026,746109.28,398,q-vent tga lh/rh,2.8211e+11,400
203991,03-01-2026,65844,sp/2526/56322,jf181473,2.02111e+11,5000
203991,03-01-2026,13038.58,sp/2526/56383 ,pf561218 ,2.42111e+11,938
203993,05-01-2026,12867,cdom2526-45498,3010001101,2.52111e+11,500
204026,13-01-2026,32225.89,sp/2526/58379,jy511231,2.92117e+11,3072
204002,07-01-2026,25000,859,jl161005/dj191096/94/95,na,8000
203994,05-01-2025,447665.56,401,q-vent tga lh/rh,2.22112e+11,240
203995,05-01-2026,,393200190,,,
203996,06-01-2026,41089.96,sic/2526/00435,dh102198,2.52112e+11,4600
204002,07-01-2026,39506.4,sp/2526/57094,jf181473,2.32113e+11,3000
204002,07-01-2026,17695.21,sp/2526/57096,pf561218,2.52113e+11,1273
204026,14-01-2026,38921.12,sp/2526/58592,pf561218,2.02118e+11,2800
204026,14-01-2026,65844,sp/2526/58593,jf181473,2.02118e+11,5000
204026,14-01-2026,140980.5,sp/2526/58637,jg181235,2.22118e+11,8100
204025,14-01-2026,22896.72,saec/980/25-26,3002001046,2.42118e+11,150
204018,12-01-2026,5841,570,ms dowel pin,na,9000
204018,12-01-2026,16400.82,967,2.85126e+11,na,565
203997,06-01-2026,162632.32,sic/2526/00434,lfb00001,2.72112e+11,8614
203998,06-01-2026,447665.56,403,f8b04800/f8b06700,2.92113e+11,240
203999,07-01-2026,447665.56,404,f8b04800/f8b06700,2.32113e+11,240
204000,07-01-2026,10944.5,5310,dg101340,2.02113e+11,2500
204001,05-01-2026,39275.31,sp/2526/56691,jy511231,2.72112e+11,3744
204003,06-01-2026,77207.4,cdom2526-46007,3010001101,2.42113e+11,300
204004,07-01-2026,10948,206,2.79001e+11,na,15000
204005,08-01-2026,10944.5,5330,dg101340,2.62114e+11,2500
204006,08-01-2026,447665.56,406,f8b04800/f8b06700,2.52114e+11,240
204007,07-01-2026,19947.9,sp/2526/57070,dk181076,2.32113e+11,3500
204008,08-01-2026,34338,sp/2526/57384,jl151035,2.22114e+11,5820
204009,09-01-2026,50291.65,sp/2526/57576,pf561218,2.32115e+11,3618
204010,09-01-2026,466318.3,407,f8b04800/f8b06700,2.02115e+11,250
204011,10-01-2026,466318.3,413,f8b04800/f8b06700,2.02116e+11,250
204012,10-01-2026,5877.58,5345,dg101340,na,1700
204013,08-01-2026,,10975,,,
204014,10-01-2026,18585,1315/25-26,jc181024,na,15000
204015,12-01-2026,484971.04,414,f8b04800/f8b06700,2.02117e+11,260
204016,13-01-2026,484971.04,415,f8b04800/f8b06700,2.22117e+11,260
204017,13-01-2026,283093.8,cdom2526-47344,3010001101,2.42118e+11,1100
204019,13-01-2026,11757.52,5403,dg101340,2.72118e+11,2650
204020,14-01-2026,14797.2,si/1/2526/16457,dh101048,3.72167e+11,2000
204021,13-01-2026,9696,fap11250/25-26,sfsil00152,,30
204022,14-01-2026,21000,gst194/25-26,washer,na,12000
204023,14-01-2026,15434.4,v1/2526/65736,fghae0041,2.92118e+11,200
204024,14-01-2026,484971.04,416,f8b04800/f8b06700,2.52118e+11,260
204030,16-01-2026,2478,v1/2526/65815,casing cover,2.92119e+11,200
204029,16-01-2026,484971.04,417,f8b04800/f8b06700,2.12119e+11,260
204028,15-01-2026,13310.4,5428,dg101340,2.62119e+11,3000
204027,15-01-2026,5451.6,sp/2526/57071,dt131016,2.22113e+11,3000
204030,16-01-2026,30868.8,v1/2526/65814,spring seat,2.32119e+11,400
204031,16-01-2026,639121.51,4560065312,doc-s-6694-00,3.62169e+11,120
204032,16-01-2026,68918.18,sp/2526/59022,pf561218,2.72119e+11,4958
204032,16-01-2026,na,chno-871,jl161005,na,2000
204032,16-01-2026,10546.37,sp/2526/59040,dh102205,2.12119e+11,5880
204033,17-01-2026,484971.04,419,f8b04800/f8b06700,2.6212e+11,260
204034,15-01-2026,0,10563334,0,0,0
204035,15-01-2026,13570,hapl/25-26/2810,forming tool,3.72168e+11,1 nos
204036,18-01-2026,484971.04,421,f8b04800/f8b06700,2.12121e+11,260
204037,18-01-2026,1112.15,5454,dg101340,2.62121e+11,1885
204038,19-01-2026,503623.76,422,f8b04800/f8b06700,2.32121e+11,270
204039,19-01-2026,5000,278,556432408204/556432408205,na,20
204040,19-01-2026,13275,a230,spherical washer,na,15000
204040,19-01-2026,3540,587,pin injector for grinding,na,6000
204041,20-01-2026,503623.76,425,f8b04800/f8b06700,2.12122e+11,270
204042,20-01-2026,593.4,7772,plate b773,na,60
204043,20-01-2026,13570,gst255290,plugging pin(for turbo,na,5000
204044,20-01-2026,14485.68,sp/2526/59927,jf181473,2.32122e+11,1100
204044,20-01-2026,38365.1,sp/2526/59842,pf561218,2.02122e+11,2760
204045,21-01-2026,522276.5,429,f8b04800/f8b06700,2.42123e+11,280
204046,21-01-2026,176660.16,sic/2526/00447,lfb00001,2.82123e+11,9357
204047,21-01-2026,1770,5512,dg101340,2.02123e+11,3000
204048,21-01-2026,37261.19,sp/2526/60197,jy511231,2.92123e+11,3552
204049,22-01-2026,140530.92,v1/2526/66053,sfsil0006,2.92123e+11,600
204050,22-01-2026,63790.8,1958/25-26,5010581/500166-17,2.72124e+11,18000
204051,22-01-2026,522276.5,432,f8b04800/f8b06700,2.62124e+11,280
204052,22-01-2026,19753.2,sp/2526/60481,jf181473,2.72124e+11,1500
204053,23-01-2026,42551.04,sic/2526/00452,jy511231,2.22124e+11,4430
204053,23-01-2026,83638.4,sic/2526/00451,lfb00001,2.52124e+11,4430
204054,23-01-2026,522276.5,437,f8b04800/f8b06700,2.82124e+11,280
204232,05-03-2026,373054.64,518,f8b04800/f8b06700,2.72153e+11,200
204056,23-01-2026,67160.88,sp/2526/60652,jf181473,2.92124e+11,5100
204056,23-01-2026,36254.13,sp/2526/60719,jy511231,2.72125e+11,3456
204056,23-01-2026,27008.48,sp/2526/60653,pf561218,2.72124e+11,1943
204057,16-01-2026,18585,1341/25-26,jc181024,na,15000
204058,24-01-2026,540929.22,439,f8b04800/f8b06700,2.42125e+11,290
204059,25-01-2026,30035.46,sic/2526/00455,jy511231,2.92126e+11,3127
204060,25-01-2026,559581.96,442,f8b04800/f8b06700,2.92126e+11,300
204061,25-01-2026,26724.64,sp/2526/61134,dh102205,2.02126e+11,14900
204062,25-01-2026,20000,876,jl161005,na,3300
204063,27-01-2026,183400,g-0165/25-26,5.56432e+11,2.72127e+11,200
204064,27-01-2026,34011.73,saec/1010/25-26,3002001055/56/57,na,190
204065,25-01-2026,2124,479,5.5494e+11,0,18
204066,27-01-2026,36622.48,saec/1011/25-26,3002001055/56/57,2.52127e+11,210
204067,27-01-2026,3239.81,sp/2526/61360,jl171158,2.32127e+11,960
204067,27-01-2026,30288.24,sp/2526/61361,jf181473,2.52127e+11,2300
204068,25-01-2026,559581.96,444,f8b04800/f8b06700,2.02127e+11,300
204069,28-01-2026,33505.51,saec/1014/25-26,3002001055/56/57,2.42127e+11,200
204070,28-01-2026,22411.74,saec/1016/25-26,3002001055,2.62128e+11,150
204071,28-01-2026,559581.96,447,f8b04800/f8b06700,2.12128e+11,300
204072,28-01-2026,25000,882,jl161005,na,3300
204073,28-01-2026,52821.52,sp/2526/61608,pf561218,2.22128e+11,3800
204073,28-01-2026,36872.64,sp/2526/61579,jf181473,2.42128e+11,2800
204074,29-01-2026,96892.16,sic/2526/00457,lfb00001,2.22128e+11,5132
204075,29-01-2026,559581.96,449,f8b04800/f8b06700,2.82128e+11,300
204076,29-01-2026,37261.19,sp/2526/61889,jy511231,2.62129e+11,3552
204076,29-01-2026,35555.76,sp/2526/61888,jf181473,2.22129e+11,2700
204077,29-01-2026,9657.12,450,50114581/50114582,0,2
204078,30-01-2026,1059146.76,4560066133,5.44248e+11,3.62178e+11,200
204078,30-01-2026,125911.15,4560066134,5.44248e+11,3.32178e+11,252
204079,30-01-2026,13275,a247,spherical washer,0,15000
204079,30-01-2026,3540,602,pin injector,0,6000
204080,30-01-2026,559581.96,451,f8b04800/f8b06700,2.82129e+11,300
204081,31-01-2026,15896.61,sic/2526/00460,jy511231,2.6213e+11,1655
204082,31-01-2026,201740,g-0169/25-26,5.56432e+11,2.0213e+11,220
204083,31-01-2026,22411.74,saec/1027/25-26,3002001055,na,150
204084,31-01-2026,26337.6,sp/2526/62435,jf181473,2.1213e+11,2000
204085,30-01-2026,52126.5,sp/2526/62179,pf561218,2.22129e+11,3750
203839,07-11-2025,14249,a171,0,0,16100
203924,02-12-2025,9441.5,abe/2025-26/28,sealing plug,0,16850
203949,07-12-2025,9137,a812,0,0,900
203958,13-12-2025,15960,540/25-26,0,0,0
203960,0000-00-00,0,a210,0,0,0
204086,02-02-2026,671498.36,455,l8b04800/l8b06700,2.12131e+11,360
204087,02-02-2026,68850.23,saec/1030/25-26,300201040/3002001055,2.42131e+11,500
204088,01-02-2026,0,10563833,0,0,0
204089,02-02-2026,55308.96,sp/2526/62724,jf181473,2.82131e+11,4200
204090,02-02-2026,183557.85,1391/2025-26,5.56432e+11,2.62132e+11,250
203975,0000-00-00,0,2002501921,0,0,0
203975,0000-00-00,0,2002501920,0,0,0
203941,11-12-2025,13393,in255101043478,jr111373,3.72144e+11,5
204092,03-02-2026,14000,gst213/25-26,washer,na,8000
204093,03-02-2026,671498.36,457,f8b04800/f8b06700,2.62132e+11,360
204094,03-02-2026,155889.99,4560066357,5.44248e+11,3.92181e+11,312
204095,03-02-2026,68477.76,sp/2526/62955,jf181473,2.82132e+11,5200
204096,04-02-2026,28518.24,5740,b200213700015,2.32133e+11,2400
204100,04-02-2026,671498.36,459,f8b04800/f8b06700,2.52133e+11,360
204101,04-02-2026,27258,hb0020252634,y005-608257,0,1
204099,02-02-2026,16078,a251,spherical wasches ,na,18167
204101,04-02-2026,41300,hc0202510388,y039-zser-011,0,1
204102,03-02-2026,45000,2025-26/789,0,0,500
204103,04-02-2026,65844,sp/2526/63226,jf181473,2.12133e+11,5000
204103,04-02-2026,44022.57,sp/2526/63227,pf561218,2.82133e+11,3167
204104,04-02-2026,20000,891,jl161005,na,3000
204105,05-02-2026,115111.36,sic/252600466,lfb00001,2.22133e+11,6097
204106,05-02-2026,13133.4,5771,dg101340,2.42134e+11,3000
204107,05-02-2026,56625.84,sp/2526/63569,jf181473,2.02134e+11,4300
204108,05-02-2026,671498.36,461,f8b04800/f8b06700,2.52134e+11,360
204109,06-02-2026,25179.37,saec/1048/25-26,3002001040/3002001049,2.22134e+11,191
204110,06-02-2026,671498.36,465,f8b04800/f8b06700,2.52135e+11,360
204111,07-02-2026,179537.42,sic/2526/00469,lfb00001,2.72135e+11,6114
204112,07-02-2026,671498.36,466,f8b04800/f8b06700,2.92135e+11,360
204113,07-02-2026,30580.88,sp/2526/64150,pf561218,2.02135e+11,2200
204113,07-02-2026,79012.8,sp/2526/64152,jf181473,2.42135e+11,6000
204113,07-02-2026,35513.28,sp/2526/64153,dh102205,2.82135e+11,19800
204114,07-02-2026,22411.74,saec/1051/25-26,3002001055,2.22135e+11,150
204115,08-02-2026,13133.4,5812,dg101340,2.52136e+11,3000
204116,07-02-2026,0,as per invoice ,0,0,0
204117,07-02-2026,0,10564092,0,0,0
204118,08-02-2026,0,10564113,0,0,0
204119,09-02-2026,41289.43,sp/2526/64529,jy511231,2.92136e+11,3936
204119,09-02-2026,39506.4,sp/2526/64494,jf181473,2.12136e+11,3000
204120,09-02-2026,13021.3,saec/1060/25-26,3002001040,2.22136e+11,100
204121,09-02-2026,81420,2.5525e+11,pd591152/pd591348,2.02136e+11,400
204122,10-02-2026,671498.36,468,f8b04800/f8b06700,2.32137e+11,360
204123,10-02-2026,54341.57,sic/2526/00472,lfb00001,na,1613
204124,10-02-2026,22351.84,sp/2526/64751,pf561218,2.82137e+11,1608
204125,10-02-2026,35046,sp/2526/64756,a25400020000,2.42137e+11,30000
204125,10-02-2026,34338,sp/2526/64757,a18900020000,2.72137e+11,30000
204126,10-02-2026,11205.87,saec/1063/25-26,3002001055,2.02137e+11,75
204127,10-02-2026,2124,5875,dg101340,2.92137e+11,3600
204128,11-02-2026,671498.36,470,f8b04800/f8b06700,2.52134e+11,360
204129,10-02-2026,80782.38,4560066798,5.42548e+11,na,100
204130,11-02-2026,22411.74,saec/1071/25-26,3002001055,2.72138e+11,150
204131,11-02-2026,5941.3,5881,metalic bush,2.52138e+11,500
204132,11-02-2026,5000,898,jl161005,na,871
204133,12-02-2026,671498.36,472,f8b04800/f8b06700,2.72138e+11,360
204134,11-02-2026,7111.55,sp/2526/65155,jf181473,2.82138e+11,540
204134,12-02-2026,59259.6,sp/2526/65379,jf181473,2.12139e+11,4500
204135,13-02-2026,671498.36,474,f8b04800/f8b06700,2.22139e+11,360
204136,13-02-2026,28980,gst224/25-26,washer ,na,18000
204137,13-02-2026,165431,2526-371,556432408204/556432408205,2.62139e+11,400
204138,13-02-2026,84074.32,sic/2526/00477,jy511231,2.82139e+11,8753
204139,13-02-2026,82963.44,sp/2526/65702,jf181473,2.22139e+11,6300
204140,13-02-2026,24659.05,saec/1075/25-26,3002001055/3002001056,2.12139e+11,155
204141,13-02-2026,"10,59,146.76",4560067006,5.44248e+11,na,200
204141,13-02-2026,"2,45,826.54",4560067005,5.44248e+11,na,492
204142,14-02-2026,15290.44,sp/2526/65966,pf561218,2.7214e+11,1100
204142,14-02-2026,155078.55,sp/2526/66026,jg181235,2.8214e+11,8910
204142,14-02-2026,65844,sp/2526/65967,jf181473,2.9214e+11,5000
204143,14-02-2026,1588720.14,4560067070,5.44248e+11,na,309
204143,14-02-2026,341758.82,4560067069,5.44248e+11,na,684
204144,15-02-2026,373054.64,478,f8b04800/f8b06700,2.82141e+11,200
204145,15-02-2026,298443.72,479,f8b04800/f8b06700,2.72141e+11,160
204146,15-02-2026,65844,sp/2526/66189,jf181473,2.32141e+11,500
204146,15-02-2026,43091.24,sp/2526/66188,pf561218,2.02141e+11,3100
204147,15-02-2026,4838,5953,dg101340/dh103821,2.12141e+11,4000
204148,15-02-2026,0,10564415,0,0,0
204149,13-02-2026,21946,687,0,0,566
204150,16-02-2026,65844,sp/2526/66360,jf181473,2.92141e+11,5000
204151,16-02-2026,25000,901,"jl161005 6mm, 3mm plate",na,6712
204152,16-02-2026,29906.36,saec/1083/25-26,3002001055/3002001056,22141402347,160
204153,17-02-2026,373054.64,481,f8b04800/f8b06700,2.12142e+11,200
204154,17-02-2026,298443.72,482,f8b04800/f8b06700,2.12142e+11,160
204156,17-02-2026,130220.15,sic/2526/00481,jy511231,2.82142e+11,8029
204155,17-02-2026,424800,8186,welding fixture ,2.12142e+11,1
204157,17-02-2026,92181.6,sp/2526/66687,jf181473,2.82142e+11,7000
204158,18-02-2026,503623.76,485,f8b04800/f8b06700,2.52143e+11,270
204159,18-02-2026,151040,snw/72/25-26,copper lead coated scrap,2.12143e+11,800
204160,18-02-2026,81420,2.5525e+11,pd591152/pd591348,2.32143e+11,400
204161,18-02-2026,16763.88,sp/2526/66992,pf561218,2.12143e+11,1206
204161,18-02-2026,39506.4,sp/2526/66993,jf181473,2.02143e+11,3000
204162,18-02-2026,25000,906,"dj191094,95,96",na,3200
204163,0000-00-00,0,0,0,0,0
204164,17-02-2026,0,10564566,0,0,0
204165,19-02-2026,903000,gsaac5/3380,mpm/2526017,6.72062e+11,100
204166,19-02-2026,298443.72,489,f8b04800/f8b06700,2.32144e+11,160
204167,19-02-2026,373054.64,488,f8b04800/f8b06700,2.82144e+11,200
204168,19-02-2026,65844,sp/2526/67309,jf181473,2.92144e+11,5000
204168,19-02-2026,44310.6,sp/2526/67328,jy511231,2.92144e+11,4224
204168,19-02-2026,9118.66,sp/2526/67308,pf561218,2.92144e+11,656
204169,20-02-2026,15930,sic/2526/00484,jg171021,2.02144e+11,2250
204170,20-02-2026,69053.6,sic/2526/00485,jp181280,2.52144e+11,33250
204171,20-02-2026,6241.28,sp/2526/67610,pf561218,2.32145e+11,448
204171,20-02-2026,71111.52,sp/2526/67611,jf181473,2.42145e+11,5400
204172,21-02-2026,373054.64,495,f8b04800/f8b06700,2.02145e+11,200
204173,21-02-2026,298443.72,496,f8b04800/f8b06700,2.72145e+11,160
204174,21-02-2026,81420,2.5525e+11,pd591152/pd591348,2.92145e+11,400
204175,21-02-2026,10199.92,2.5665e+11,je591007,0,400
204176,21-02-2026,65844,sp/2526/67923,jf181473,2.52145e+11,5000
204177,22-02-2026,108893.7,sic/2526/00488,dg171016,2.62146e+11,3104
204178,22-02-2026,215295.51,sic/2526/00487,jg171021,2.32146e+11,13840
204179,22-02-2026,29802.46,sp/2526/68022,pf561218,2.62146e+11,2144
204180,23-02-2026,373054.64,499,f8b04800/f8b06700,2.12146e+11,200
204181,23-02-2026,298443.72,500,f8b04800/f8b06700,2.02146e+11,160
204182,22-02-2026,464365,af/2526/156613,fg0003,2.42146e+11,4600
204183,23-02-2026,10095,af/2526/156670,fg0003,2.02146e+11,100
204184,23-02-2026,65844,sp/2526/68279,jf181473,2.52146e+11,5000
204185,23-02-2026,6123,6123,dg101340,2.22147e+11,1500
204186,23-02-2026,47046,6119,2000000291,2.12146e+11,3000
204187,23-02-2026,77509.48,2.5525e+11,pd591152/pd591348,2.52147e+11,400
204188,20-02-2026,0,10564625,0,0,0
204189,22-02-2026,0,10564675,0,0,0
204190,24-02-2026,77509.48,2.5525e+11,pd591152/pd591348,2.22147e+11,400
204191,24-02-2026,100325.68,sic/2526/00489,jg171021,2.92147e+11,12564
204192,24-02-2026,76379.04,sp/2526/68578,jf181473,2.22147e+11,5800
204193,24-02-2026,17511.2,6137,dg101340,2.22147e+11,4000
204194,25-02-2026,65348.4,sic/2526/00490,jg171020,2.22148e+11,9230
204195,25-02-2026,68607.48,sic/2526/00491,dh102198,2.62148e+11,2389
204196,25-02-2026,65844,sp/2526/68859,jf181473,2.12148e+11,5000
204197,25-02-2026,8755.6,6173,dg101340,2.02148e+11,2000
204198,26-02-2026,559581.96,507,f8b04800/f8b06700,2.52149e+11,300
204199,26-02-2026,671498.36,508,f8b04800/f8b06700,2.42149e+11,360
204200,17-02-2026,0,11587,0,0,0
204201,18-02-2025,0,11528,0,0,0
204202,20-02-2026,0,llpad252649551,0,0,0
204202,20-02-2026,0,llpad252649552,0,0,0
204203,26-02-2026,85321.08,sic/2526/00492,jg171020,2.12149e+11,12051
204204,26-02-2026,34238.88,sp/2526/69136,jf181473,2.22149e+11,2600
204204,26-02-2026,24019.89,sp/2526/69135,pf561218,2.62149e+11,1728
204204,26-02-2026,65844,sp/2526/69134,jf181473,2.42149e+11,5000
204205,26-02-2026,8755.6,6185,dg101340,2.52149e+11,2000
204206,26-02-2026,66427.72,2637/25-26,5.01147e+11,5.61963e+11,146
204207,24-02-2026,0,11591,0,0,0
204208,26-02-2026,0,10564768,0,0,0
204209,27-02-2026,130356,10564799,16021533,3.72198e+11,80
204210,27-02-2026,148184.68,sic/2526/00493,jg171020,2.8215e+11,12179
204211,27-02-2026,27939.8,sp/2526/69350,pf561218,2.8215e+11,2010
204211,27-02-2026,131688.08,sp/2526/69352,jf181473,2.4215e+11,10000
204212,26-02-2026,317774,ksc/1439,183,3.92198e+11,0
204213,28-02-2026,35010.6,v1/2526/67493,fghae0046,2.12151e+11,60
204214,28-02-2026,39678.68,v1/2526/67494,fghae0046,2.52151e+11,68
204215,28-02-2026,110267.7,sic/2526/00496,jp181280,2.82151e+11,53095
204216,28-02-2026,80532.24,2662/25-26,5.01147e+11,5.81965e+11,177
204217,28-02-2026,1440,2686/25-26,jy151011,na,1440
204218,28-02-2026,131688,sp/2526/69652,jf171473,2.02151e+11,10000
204219,28-02-2026,131688,sp/2526/69351,jf181473,2.5215e+11,10000
204220,01-03-2026,373054.64,510,f8b04800/f8b06700,2.12151e+11,200
204221,01-03-2026,298443.72,511,f8b04800/f8b06700,2.32151e+11,160
204222,28-02-2026,24150,gst234/25-26,washer ,na,15000
204223,01-03-2026,21889,6235,dg101340,2.52151e+11,5000
204224,02-03-2026,35895.6,saec/1130/25-26,3002001056,2.82152e+11,120
204225,02-03-2026,131688,sp/2526/69905,jf181473,2.62152e+11,10000
204225,02-03-2026,36481.82,sp/2526/69903,dh102205,2.12152e+11,20340
204225,02-03-2026,57402.37,sp/2526/69981,jy511231,2.62152e+11,5472
204225,02-03-2026,35390.42,sp/2526/69902,pf561218,2.52152e+11,2546
204226,03-03-2026,298443.72,516,f8b04800/f8b06700,2.52152e+11,160
204227,03-03-2026,373054.64,515,f8b04800/f8b06700,2.32152e+11,200
204228,02-03-2026,35895.6,saec/1130/25-26,3002001056,2.82152e+11,60
204229,03-03-2026,58056,1147,insert ace edge ,na,2000
204230,02-03-2026,131688,sp/2526/69904,jf181473,2.62152e+11,10000
204230,03-03-2026,na,978,jl161010,na,2000
204231,03-03-2026,58238,2669/25-26,5.01147e+11,5.51966e+11,128
204233,05-03-2026,298443.72,519,f8b04800/f8b06700,2.12153e+11,160
204234,05-03-2026,367116,1712/2025-26,556432408204/556432408205,2.42153e+11,500
204235,05-03-2026,131688,sp/2526/70734,jf181473,2.42154e+11,10000
204236,04-03-2026,0,10979,0,0,0
204237,06-03-2026,12685,g/252607839,0,0,25
204238,07-03-2026,131688,sp/2526/71220,jf181473,2.92155e+11,10000
204238,07-03-2026,22240.64,sp/2526/71217,pf561218,2.82155e+11,1600
204238,07-03-2026,25000,981,jl161010/dj151094/95/96/jf511215,na,36175
204239,07-03-2026,484971.04,523,f8b04800/f8b06700,2.22155e+11,260
203909,0000-00-00,0,1185,0,0,0
203940,0000-00-00,0,vkt/25-26/678,0,0,0
203915,0000-00-00,0,sd4000305739,0,0,0
203915,0000-00-00,0,sd4000305737,0,0,0
204240,08-03-2026,6342.5,6337,dh103821/dg101340,2.42156e+11,5500
204241,09-03-2026,298443.72,527,f8b04800/f8b06700,2.42156e+11,160
204242,09-03-2026,373054.64,526,f8b04800/f8b06700,2.62156e+11,200
204243,09-03-2026,195403.8,sic/2526/00501,jf511215,2.52156e+11,37500
204244,09-03-2026,91400.46,sic/2526/00500,dg171016,2.52156e+11,4107
204245,10-03-2026,157606.85,sic/2526/00502,dh102198/dg171016,2.42157e+11,10263
204246,10-03-2026,131688,sp/2526/71762,jf181473,2.72157e+11,10000
204246,10-03-2026,23630.68,sp/2526/71763,pf561218,2.92157e+11,1700
204247,10-03-2026,11682,6399,pbt bx-01 nc,5.1197e+11,50
204248,10-03-2026,4920.6,6404,dg101340/dh103821,2.12157e+11,5400
204249,10-03-2026,298443.72,530,f8b04800/f8b06700,2.52157e+11,160
204250,10-03-2026,373054.64,529,f8b04800/f8b06700,2.12157e+11,200
204251,11-03-2026,63790.8,2467/25-26,5010581/500166,2.02158e+11,18000
204252,11-03-2026,77509.48,2.5525e+11,pd591152/pd591348,2.72158e+11,400
204253,11-03-2026,106819.5,sic/2526/00504,jf511215,2.62158e+11,35500
204254,11-03-2026,16680.48,sp/2526/71980,pf561218,2.92158e+11,1200
204255,11-03-2026,58410,sp/2526/71981,a25400020000,na,50000
204256,12-03-2026,373054.64,532,f8b04800/f8b06700,2.82158e+11,200
204257,12-03-2026,298443.72,533,f8b04800/f8b06700,2.72158e+11,160
204258,11-03-2026,0,12223,0,0,0
204259,12-03-2026,18130.7,6448,dh102502/dg101340/dh103821,2.52159e+11,9460
204260,12-03-2026,131688,sp/2526/72010,jf181473,2.72158e+11,10000
204260,12-03-2026,19460.56,sp/2526/72240,pf561218,2.12158e+11,1400
204263,13-03-2026,6588,6468,1000006647,2.22159e+11,3000
204262,12-03-2026,32609.6,2745/25-26,5.01147e+11,5.71971e+11,60
204264,13-03-2026,13021.3,saec/1168/25-26,3002001040,2.12159e+11,100
204265,13-03-2026,48913.6,2758/25-26,5.01147e+11,5.01972e+11,90
203842,0000-00-00,0,2025108178,0,0,0
203942,0000-00-00,0,2025109180,0,0,0
204266,14-03-2026,116264.22,2.5525e+11,pd591152/pd591348,2.6216e+11,600
204267,14-03-2026,32609.06,2767/25-26,5.01147e+11,5.11972e+11,60
204268,14-03-2026,65844,sp/2526/72724,jf181473,2.6216e+11,5000
204268,14-03-2026,25020.72,sp/2526/72723,pf561218,2.2216e+11,0
204269,15-03-2026,25311,6502,dh102502/dh103821/dg101340,2.62161e+11,13500
204270,15-03-2026,373054.64,546,f8b04800/f8b06700,2.32161e+11,200
204271,15-03-2026,298443.72,547,f8b04800/f8b06700,2.92161e+11,160
204272,16-03-2026,116264.22,2.5525e+11,pd591152/pd591348,2.22161e+11,600
204273,16-03-2026,117109.1,v1/2526/68089,sfsil0006,2.42161e+11,500
204274,16-03-2026,57517.66,v1/2526/68088,sfsil00127,27216139706,62
204275,16-03-2026,14941.16,saec/1175/25-26,3002001055,2.12161e+11,100
204276,16-03-2026,81803.5,sp/2526/72928,jg181235,2.92161e+11,4700
204276,16-03-2026,131688,sp/2526/72929,jf181473,2.52161e+11,10000
204276,16-03-2026,25000,989,jl161010 6mm/3mm/dj151094/96,na,3765
204277,17-03-2026,373054.64,548,f8b04800/f8b06700,2.42162e+11,200
204278,17-03-2026,298443.72,549,f8b04800/f8b06700,2.42162e+11,160
204279,16-03-2026,64309,2816/25-26,jy151011,1.22374e+11,960
204280,16-03-2026,4736,215,008027608b12,na,1480
204280,14-03-2026,2900,fmt/25-26/pa-17,f2p00219a,na,160
204281,17-03-2026,116264.22,2.5525e+11,pd591152/pd591348,2.82162e+11,600
204282,17-03-2026,19765,6556,dg101340/dh102592,2.22162e+11,11000
204283,17-03-2026,63576.04,sic/2526/00513,jl151035,2.22162e+11,2200
204284,17-03-2026,9730.28,sp/2526/73238,pf561218,2.02162e+11,700
204284,17-03-2026,131688,sp/2526/73237,jf171473,2.82162e+11,10000
204285,18-03-2026,117109.1,v1/2526/68148,sfsil0006,2.82163e+11,500
204286,11-03-2026,9290.85,sp/2526/72006,dh102205,2.32163e+11,5180
204286,02-03-2026,29190.84,sp/2526/69966,pf561218,2.12163e+11,2100
204286,02-03-2026,89668.2,sp/2526/69964,dg171016,2.92163e+11,3000
204287,18-03-2026,373054.64,552,f8b04800/f8b06700,2.02163e+11,200
204288,18-03-2026,298443.72,553,f8b04800/f8b06700,2.42163e+11,160
204289,18-03-2026,0,4686,1300 ce beam,na,1
204290,19-03-2026,8421,91244390,5.56432e+11,2.52164e+11,25
204291,18-03-2026,7784.22,sp/2526/73480,pf561218,2.12164e+13,560
204292,02-03-2026,65844,sp/2526/69967,jf181473,2.52163e+11,5000
204292,02-03-2026,65844,sp/2526/69968,jf181473,2.22163e+11,5000
204293,19-03-2026,67995.21,sic/2526/00515,jy511231,2.02164e+11,7079
204294,19-03-2026,5358.14,sp/2526/73779,lfb00001,2.62164e+11,960
204295,19-03-2026,25266.87,2.5665e+11,je591440/1903,3.62212e+11,10
204296,19-03-2026,57796.4,sic/2526/00514,jl151035,2.12164e+11,2000
204297,19-03-2026,15472.75,6600,dh102502/dg101340/dh103821,2.22164e+11,8600
204298,19-03-2026,0,10565514,0,0,0
204299,20-03-2026,11328,fmt/25-26/pa-19,ball pin- f2p00219 a,na,320
204300,20-03-2026,373054.64,561,f8b04800/f8b06700,2.92164e+11,200
204301,20-03-2026,298443.72,562,f8b04800/f8b06700,2.02164e+11,160
204302,20-03-2026,57796.4,sic/2526/00516,jl151035,2.02164e+11,2000
204303,20-03-2026,407542.5,2843/25-26,bops018501,5.11975e+11,900
204304,21-03-2026,13900.4,sp/2526/74216,pf561218,2.22165e+11,1000
204305,21-03-2026,89668.2,sp/2526/74214,dg171016,2.52165e+11,3000
204305,21-03-2026,131688,sp/2526/74215,jf181473,2.62165e+11,10000
204306,21-03-2026,57796.4,sic/2526/00518,jl151035,2.82165e+11,2000
204307,21-03-2026,61596,si/1/2526/20435,dg161180,3.92213e+11,90000
204308,22-03-2026,63576.04,sic/2526/00519,jl151035,2.62165e+11,2200
204309,23-03-2026,373054.64,565,f8b04700/f8b06700,2.52163e+11,200
204310,23-03-2026,298443.72,566,f8b04800/f8b06700,2.72166e+11,160
204311,23-03-2026,11162.8,sp/2526/74447,lfb00001,2.32166e+11,2000
204311,23-03-2026,20433.59,sp/2526/74448,pf561218,2.22166e+11,1470
204312,23-03-2026,27519.96,6672,dh102502/dg101340/dh103821,2.32166e+11,14640
204313,24-03-2026,63576.04,sic/2526/00521,jl151035,2.22166e+11,2200
204314,24-03-2026,109262.05,sic/2526/00522,jy511231,2.82167e+11,7564
204315,24-03-2026,194700,sic/2526/00523,jg171020,2.12167e+11,27500
204316,24-03-2026,131688,sp/2526/74690,jf171473,2.12167e+11,10000
204316,24-03-2026,30000,1007,dj191094/95/96/jl161003/005/jr161007,na,8210
204317,24-03-2026,63576.04,sic/2526/00524,jl151035,2.12167e+11,2200
204318,24-03-2026,57065.86,2875/25-26,5.01147e+11,5.41977e+11,105
204319,25-03-2026,373054.64,569,f8b04800/f8b06700,2.32167e+11,200
204320,25-03-2026,298443.72,570,f8b04800/f8b06700,2.72167e+11,160
204321,25-03-2026,131688,sp/2526/75063,jf181473,2.42168e+11,10000
204321,25-03-2026,38268.25,sp/2526/75064,jy511231,2.92168e+11,3648
204322,25-03-2026,63576.04,sic/2526/00526,jl151035,2.82168e+11,2200
204323,25-03-2026,15764.8,6721,dh102502/dh103821/dg101340,2.32168e+11,9200
204324,25-03-2026,32596.44,sp/2526/75093,pf561218,2.92168e+11,2345
204325,25-03-2026,46739.66,2888/25-26,5.01147e+11,5.91978e+11,86
204326,26-03-2026,83015.36,sic/2526/00528,lfb00001,2.62169e+11,4397
204327,26-03-2026,144047.03,sic/2526/00529,lcd00001/dh101648/dh102198,2.22169e+11,3077
204328,26-03-2026,33082.95,sp/2526/75320,pf561218,2.82169e+11,2380
204329,26-03-2026,3669.8,6733,dh103821/dg101340,2.62169e+11,3700
204330,27-03-2026,559581.96,573,f8b04800/f8b06700,2.32169e+11,300
204331,27-03-2026,429012.84,574,f8b04800/f8b06700,2.12169e+11,230
204332,27-03-2026,63790.8,2638/25-26,5010581/500166-17,2.12169e+11,1800
204333,27-03-2026,0,10565737,0,0,0
204334,27-03-2026,40298.71,2.5665e+11,dh103960/dh103967,3.92218e+11,10
204335,27-03-2026,3811.4,6761,dg101340/dh103821,2.3217e+11,3100
204336,27-03-2026,63576.04,sic/2526/00530,jl151035,2.12169e+11,2200
204337,28-03-2026,19460.56,sp/2526/75867,pf561218,2.1217e+11,1400
204337,28-03-2026,11120.32,sp/2526/75562,pf561218,2.32169e+11,800
204337,28-03-2026,17936,sp/2526/75868,dh102205,2.6217e+11,10000
204338,27-03-2026,131688,sp/2526/75563,jf181473,2.42169e+11,10000
204338,28-03-2026,30000,1009,dj191094/95/96/jl161005/003,na,7920
204339,28-03-2026,4838,6780,dh103821/dg101340,2.92171e+11,4000
204340,29-03-2026,373054.64,575,f8b04800/f8b06700,2.22171e+11,200
204341,29-03-2026,298443.72,576,f8b04800/f8b06700,2.12171e+11,160
204342,28-03-2026,63576.04,sic/2526/00531,jl151305,2.8217e+11,2200
204343,28-03-2026,12390,1668/2526,1800022934,2.9217e+11,10000
204344,29-03-2026,97827.19,2949/25-26,5.01147e+11,5.1198e+11,180
204345,29-03-2026,4360.1,6803,dh103821/dg101340,2.62171e+11,3400
204346,30-03-2026,373054.64,582,f8b04800/f8b06700,2.12171e+11,200
204347,30-03-2026,298443.72,583,f8b04800/f8b06700,2.92171e+11,160
204348,30-03-2026,57796.7,sic/2526/00532,jl151035,2.72171e+11,2000
204349,30-03-2026,76087.82,2951/25-26,5.01147e+11,5.41981e+11,140
204350,30-03-2026,159007.83,sic/2526/00534,lfb00001,2.32172e+11,6449
204351,30-03-2026,30580.88,sp/2526/76361,pf561218,2.22172e+11,2200
204352,30-03-2026,3835,6819,dg101340/dh103821,2.72172e+11,3350
204353,30-03-2026,131688,sp/2526/76362,jf181473,2.72172e+11,10000
204353,30-03-2026,59778.8,sp/2526/76363,dg171016,2.22172e+11,2000
204354,30-03-2026,57796.4,sic/2526/00535,jl151035,2.82172e+11,2000
204355,30-03-2026,73370.39,2961/25-26,5.01147e+11,5.21981e+11,135
204356,29-03-2026,27437,10565848,0,0,0
204357,25-03-2026,222008,10565692,0,0,0
204358,31-03-2026,346215.67,2.5525e+11,dh102430,2.52173e+11,1001
204359,31-03-2026,151700.8,sic/2526/00536,lfb00001,2.32172e+11,8035
204360,31-03-2026,17375.5,sp/2526/76554,pf561218,2.72172e+11,1250
204361,31-03-2026,20800,a289,spherical washer,na,20000
204362,29-03-2026,23075,3054/25-26,dh181115,na,960
204362,29-03-2026,23075,3049/25-26,dh181115,na,960
204362,29-03-2026,23075,3053/25-26,dh181115,na,960
204362,29-03-2026,23075,3060/25-26,dh181115,na,960
204362,29-03-2026,23075,3061/25-26,dh181115,ma ,960
204362,0000-00-00,,,,,
204363,31-03-2026,43347.3,sic/2526/00538,jl151035,2.12173e+11,1500
204364,01-04-2026,373054.64,1,f8b04800/f8b06700,2.62173e+11,200
204365,01-04-2026,298443.72,2,f8b04800/f8b06700,2.32173e+11,160
204366,01-04-2026,70265.46,v1/2627/68711,sfsil0006,2.92173e+11,300
204367,31-03-2026,na,10740,na,na,na
204368,30-03-2026,na,135663,na,na,5
204368,30-03-2026,na,122594,na,na,9
204369,31-03-2026,0,10910,na,na,0
204370,01-04-2026,10472.5,11,dh103821/dg101340,2.02173e+11,8300
204371,02-04-2026,15340,sp/2627/00090,pf511613,2.42174e+11,2500
204371,02-04-2026,11120.32,sp/2627/0063,pf561218,2.82174e+11,800
204372,02-04-2026,93687.28,v1/2627/68738,sfsil0006,2.72174e+11,400
204373,02-04-2026,373054.64,4,f8b04800/f8b06700,2.22174e+11,200
204374,02-04-2026,298443.72,5,f8b04800/f8b06700,2.02174e+11,160
204375,02-04-2026,10000,1022,jl161005/003,na,2000
202780,15-04-2025,na,10017,na,na,na
202911,19-04-2025,na,11101,na,na,na
202917,23-04-2025,na,11102,na,na,na
202912,05-05-2025,na,11142,na,na,na
202913,07-05-2025,na,11134,na,na,na
202915,10-05-2025,na,11135,na,na,na
202914,09-05-2025,na,11143,na,na,na
202916,11-05-2025,na,11144,na,na,na
202919,14-05-2025,na,11145,na,na,na
202933,16-05-2025,na,11146,na,na,na
202962,21-05-2025,na,11147,na,na,na
202963,22-05-2025,na,11148,na,na,na
202977,25-05-2025,na,11150,na,na,na
203000,30-05-2025,na,11153,na,na,na
203016,03-06-2025,na,11161,na,na,na
203052,06-06-2025,na,11162,na,na,na
203056,11-06-2025,na,11232,na,na,na
203168,08-07-2025,na,11164,na,na,na
203199,11-07-2025,na,11165,na,na,na
203344,04-08-2025,na,11412,na,na,na
203489,29-08-2025,na,11414,na,na,na
203497,30-08-2025,na,11415,na,na,na
203512,02-09-2025,na,11290,na,na,na
203513,02-09-2025,na,11289,na,na,na
203525,06-09-2025,na,11510,na,na,na
203524,05-09-2025,na,11559,na,na,na
203523,05-09-2025,na,11558,na,na,na
203859,09-09-2025,na,11554,na,na,na
203636,24-09-2025,na,11564,na,na,na
203635,24-09-2025,na,11565,na,na,na
203705,08-10-2025,na,11572,na,na,na
203711,09-10-2025,na,11418,na,na,na
203721,09-10-2025,na,11417,na,na,na
203731,15-10-2025,na,11439,na,na,na
203756,20-10-2025,na,10722,na,na,na
203755,20-10-2025,na,10723,na,na,na
203763,26-10-2025,na,11156,na,na,na
203862,18-11-2025,na,11576,na,na,na
203913,20-11-2025,na,na,na,na,na
203914,20-11-2025,na,na,na,na,na
203389,06-08-2025,na,11279,na,na,na
203390,06-08-2025,na,11279,na,na,na
203561,07-09-2025,na,11513,na,na,na
203560,07-09-2025,na,11512,na,na,na
203569,07-09-2025,na,11511,na,na,na
203634,22-09-2025,na,11562,na,na,na
203633,22-09-2025,na,11563,na,na,na
203659,26-09-2025,na,11598,na,na,na
203679,26-09-2025,na,11597,na,na,na
203678,29-09-2025,na,10602,na,na,na
203677,29-09-2025,na,11580,na,na,na
203676,29-09-2025,na,11579,na,na,na
203703,05-10-2025,na,11570,na,na,na
203747,14-10-2025,na,11421,na,na,na
203746,14-10-2025,na,11420,na,na,na
203785,29-10-2025,na,10727,na,na,na
203879,17-11-2025,na,10680,na,na,na
203880,17-11-2025,na,10681,na,na,na
203881,17-11-2025,na,10682,na,na,na
203882,17-11-2025,na,10683,na,na,na
203883,17-11-2025,na,10684,na,na,na
203888,21-11-2025,na,11422,na,na,na
203904,22-11-2025,na,10823,na,na,na
203917,26-11-2025,na,10838,na,na,na
203918,24-11-2025,na,11515,na,na,na
203919,24-11-2025,na,11516,na,na,na
203925,29-11-2025,na,10697,na,na,na
203931,24-11-2025,na,11514,na,na,na
203932,29-11-2025,na,10696,na,na,na
203933,26-11-2025,na,10840,na,na,na
203934,26-11-2025,na,10839,na,na,na
203947,08-12-2025,na,10878,na,na,na
204376,03-04-2026,373054.64,8,f8b04800/f8b06700,2.62175e+11,200
204377,03-04-2026,298443.72,9,f8b04800/f8b06700,2.22175e+11,160
204378,02-04-2026,20578,10565921,0,0,0
204379,03-04-2026,57796.4,sic/2627/00002,jl151035,2.72175e+11,2000
204380,03-04-2026,29190.84,sp/2627/00452,pf561218,2.52175e+11,2100
204381,03-04-2026,131688,sp/2627/00454,jf181473,2.42175e+11,10000
204382,03-04-2026,9044.77,59/26-27,dg101340/dh103821,2.82175e+11,6300
204383,28-03-2026,38459,2989/25-26,dh181115,na,1600
204384,03-04-2026,57796.4,sic/2627/00003,jl151035,2.02175e+11,2000
204385,31-03-2026,33797.09,11750,na,na,1632
204386,04-04-2026,57796.4,sic/2627/00005,jl151035,2.52175e+11,2000
204387,04-04-2026,373054.64,11,f8b04800/f8b06700,2.02175e+11,200
204388,04-04-2026,298443.72,12,f8b04800/f8b06700,2.42175e+11,160
204389,04-04-2026,30211.78,sp/2627/00746,jy511231,2.12175e+11,2880
204390,05-04-2026,25020.72,sp/2627/00868,pf561218,na,1800
204391,05-04-2026,na,27,dj191094/95/96/jl161005/003,na,8120
204392,05-04-2026,31591.55,90/26-27,dh102502/dg101340/dh103821,2.12176e+11,17950
204393,02-04-2026,0,12113,0,0,1920
204394,05-03-2026,34296,10566041,0,0,0
204395,04-04-2026,27437,10566076,0,0,0
204396,06-04-2026,25096.81,sic/2627/00009,lcd00001,2.42176e+11,4154
204397,06-04-2026,24986.5,saec/016/26-27,3002001040/1056,2.12176e+11,160
204398,06-04-2026,559581.96,15,f8b04800/f8b06700,2.22176e+11,300
204399,06-04-2026,57796.4,sic/2627/00006,jl151035,2.22176e+11,2000
204400,06-04-2026,72245.5,sic/2627/00007,jl151035,2.12176e+11,2500
204401,07-04-2026,21406.62,sp/2627/01261,pf561218,2.72177e+11,1540
204402,07-04-2026,30208,sic/2627/00010,lcd00001,2.02177e+11,5000
204403,07-04-2026,559581.96,16,f8b04800/f8b06700,2.32177e+11,300
204404,07-04-2026,22958.08,sp/2627/01345,dh102205,2.52177e+11,12800
204404,07-04-2026,131688,sp/2627/01344,jf181473,2.32177e+11,10000
204405,07-04-2026,30208,138/26-27,dh102502/dh103821/dg101340,2.52177e+11,17600
204406,07-04-2026,63576.04,sic/2627/00012,jl151035,2.72177e+11,2200
204407,30-03-2026,83940,3073/25-26,bolt socket ,1.32387e+11,14400
204408,07-04-2026,25960,393200215,0,0,0
204409,26-03-2026,24331.84,2910/25-26,fe8001,5.91979e+11,60
204410,08-04-2026,5722,sic/2627/00015,dh102198,2.22178e+11,5722
204411,08-04-2026,559581.96,17,f8b04800/f8b06700,2.62178e+11,300
204412,08-04-2026,14006.9,sp/2627/01677,dj191093,2.22178e+11,525
204413,08-04-2026,31210.91,sp/2627/01678,jr161033,2.42178e+11,1008
204414,30-10-2025,0,1003100364,na,0,na
204415,08-04-2026,63576.04,sic/2627/00013,jl151035,2.22178e+11,2200
204416,07-04-2026,34296,10566217,0,0,0
204417,09-04-2026,140423.14,2.6525e+11,dh102430,2.52178e+11,406
204418,08-04-2026,135847.5,68/26-27,bops018501,5.01986e+11,300
204418,08-04-2026,142060.2,70/26-27,bops020801,5.61986e+11,300
204419,08-04-2026,12390,29/26-27/u1,jc181024,2.52178e+11,10000
204420,09-04-2026,20874.2,176/26-27,dh102502/dg101340/dh103821,2.12179e+11,12400
204421,09-04-2026,41524,2026-27/081,sd-1541,3.82227e+11,600
204422,09-04-2026,35784.4,sic/2627/00016,lcd00001,2.12179e+11,5923
204423,09-04-2026,64538.92,sic/2627/00017,dg171016,2.82179e+11,2900
204424,09-04-2026,48206.59,sp/2627/01897,pf561218,2.42179e+11,3468
204425,09-04-2026,0,82/26-27,fe8001,0,200
204426,10-04-2026,55958196,19,f8b04800/f8b06700,2.22179e+11,300
204427,08-04-2026,34296,10566272,0,0,0
204517,23-04-2026,21930.35,sp/2627/05248,dh102205,2.22188e+11,12227
204429,10-04-2026,13535.78,saec/032/26-27,3002001049,2.92179e+11,100
204430,10-04-2026,11355.54,sp/2627/02224,jl161005,2.62179e+11,1278
204431,10-04-2026,1109.2,sp/2627/02226,dj191096,2.32179e+11,1000
204431,10-04-2026,10450.08,sp/2627/02227,dj191094,2.42179e+11,1200
204431,10-04-2026,1427.8,sp/2627/02223,dj191095,2.32179e+11,1000
204431,10-04-2026,131688,sp/2627/02222,jf181473,2.62179e+11,10000
204432,10-04-2026,63576.04,sic/2627/00019,jl151035,2.22179e+11,2200
204433,11-04-2026,559581.96,20,f8b04800/f8b06700,2.7218e+11,300
204434,10-04-2026,23630.68,sp/2627/02228,pf561218,2.42179e+11,1700
204435,10-04-2026,239239.1,sic/2627/00020,dg171016,2.92179e+11,10750
204436,11-04-2026,12390,198/26-27,18100013469/18100013205/dh 101166-02,2.2218e+11,5300
204437,10-04-2026,20409.52,sic/2627/00021,lcd00001,2.3218e+11,3203
204438,11-04-2026,41524,2026-27/118,1541,3.52228e+11,600
204439,11-04-2026,28328.85,211/26-27,dh103821/dh102502/dg101340,2.2218e+11,15150
204440,11-04-2026,63576.04,sic/2627/00023,jl151035,2.0218e+11,2200
204441,12-04-2026,20303.67,saec/038/26-27,3002001049,2.6218e+11,150
204442,13-04-2026,63576.04,sic/2627/00024,jl151035,2.62181e+11,2200
204443,12-04-2026,38586,v1/2627/69143,10050167,2.32181e+11,500
204444,13-04-2026,12980,217/26-27,1800013205/dh 101166-02,2.92181e+11,4600
204445,13-04-2026,85207.8,215/26-27,je591342,2.32181e+11,3000
204445,13-04-2026,85207.8,216/26-27,dh102502,2.72181e+11,3000
204446,13-04-2026,38410.42,sic/2627/00025,lcd00001,2.42181e+11,6028
204447,10-04-2026,53760,11062,0,0,0
204448,12-04-2026,20578,10566349,0,0,0
204449,13-04-2026,46303.2,v1/2627/69175,10050167,2.22181e+11,600
204450,13-04-2026,27080,sp/2627/02764,dj191093,2.62181e+11,1015
204450,13-04-2026,5219.14,sp/2627/02765,jr161007,2.42181e+11,100
204450,13-04-2026,12439.56,sp/2627/02766,jl161005,2.92181e+11,1400
204451,13-04-2026,92889.6,sp/2627/02763,jr161033,2.52181e+11,3000
204452,13-04-2026,63576.04,sic/2627/00027,jl151035,2.52181e+11,2200
204453,11-04-2026,560500,11831,0,0,0
204454,14-04-2026,20650,245/26-27,18100013469/13205/dh 101166-02/,2.02182e+11,9000
204455,14-04-2026,373054.64,25,f8b04800/f8b06700,2.72182e+11,200
204456,14-04-2026,298443.72,26,f8b04800/f8b06700,2.12182e+11,160
204457,14-04-2026,70636.64,sic/2627/00029,jy511231,2.72182e+11,7354
204458,14-04-2026,36255.5,249/26-27,dh102502/dh103821/dg101340,2.72182e+11,20500
204459,14-04-2026,43347.3,sic/2627/00031,jl151035,2.22182e+11,1500
204460,15-04-2026,7645.22,sp/2627/03220,pf561218,2.82182e+11,550
204461,14-04-2026,106719.2,sp/2627/02987,dj191093,2.22182e+11,4000
204461,14-04-2026,131688,sp/2627/02986,jf181473,2.12182e+11,10000
204462,11-04-2026,24780,39/26-27/u1,jc181024,2.6218e+11,20000
204463,15-04-2026,83651.99,sic/2627/00033,lcd00001,2.42182e+11,13846
204464,15-04-2026,20544.98,sic/2627/00034,dh102198,2.92182e+11,2300
204465,15-04-2026,19460.56,sp/2627/03289,pf561218,2.22183e+11,1400
204466,15-04-2026,85207.8,268/26-27,je591342,2.92182e+11,3000
204466,15-04-2026,85207.8,269/26-27,dh102502,2.12182e+11,300
204467,15-04-2026,14160,264/26-27,dh 101166-02/1800013205,2.22182e+11,5500
204468,15-04-2026,0,challan no - 3549,link lh-8211/rh-8216,na,10
204469,15-04-2026,121659.18,132/26-27,fe8001,5.01989e+11,300
204470,16-04-2026,13535.78,saec/052/26-27,3002001049,2.82183e+11,100
204471,14-04-2026,24746.96,11634,pf581466,0,1400
204471,14-04-2026,27832.9,11919,pd581451,0,1344
204472,16-04-2026,6484.1,286/26-27,dh103821/dg101340,2.72183e+11,4900
204473,16-04-2026,9440,275/26-27,1800013205/dh 101166-02,2.82183e+11,3500
204474,16-04-2026,41360.79,sic/2627/00035,lcd00001,2.02183e+11,6846
204475,16-04-2026,66764.4,sic/2627/00036,dg171016,2.22183e+11,3000
204476,16-04-2026,25020.72,sp/2627/03531,pf561218,2.82183e+11,1800
204477,16-04-2026,8360.06,sp/2627/03570,dj191094,2.82183e+11,960
204477,16-04-2026,11422.4,sp/262703571,dj191095,2.82183e+11,8000
204477,16-04-2026,5277.93,sp/2627/03572,jl161005,2.02183e+11,594
204477,16-04-2026,65844,sp/2627/03593,jf181473,2.22183e+11,5000
204478,16-04-2026,373054.64,31,f8b04800/f8b06700,2.02183e+11,200
204479,16-04-2026,298443.72,32,f8b04800/f8b06700,2.22183e+11,160
204480,18-04-2026,373054.64,35,f8b04800/f8b06700,2.52184e+11,200
204481,18-04-2026,298443.72,36,f8b04800/f8b06700,2.62184e+11,160
204482,18-04-2026,5219.14,sp/2627/04154,jr161007,2.72185e+11,100
204482,18-04-2026,65844,sp/2627/04184,jf181473,2.12185e+11,5000
204483,18-04-2026,26154.7,321/26-27,dg101340/dh103821/dh102502,2.62185e+11,14300
204484,18-04-2026,14750,308/26-27,18100013469/dh 101166-02/1800013205,2.72185e+11,6000
204486,19-04-2026,6264.21,sp/2627/04332,jl161005,na,705
204485,19-04-2026,38101,sp/2627/04331,pf561218,na,2741
204487,19-04-2026,85207.8,325/26-27,dh102502,2.82185e+11,3000
204487,19-04-2026,324/26-27,324/26-27,je591342,2.62185e+11,3000
204488,20-04-2026,17110.08,328/26-27,18100013469/dh 101166-02/180013205,2.72186e+11,7500
204489,18-04-2026,27357,10913,0,0,0
204490,31-03-2026,32155,3138/25-26,jy151011,na,480
204491,20-04-2026,4661,347/26-27,dg101340/dh103821,2.72186e+11,3700
204492,20-04-2026,750000,mtr/2627_7454,comnt3980,3.32234e+11,2
204493,20-04-2026,373054.64,37,f8b04800/f8b06700,2.92186e+11,200
204494,20-04-2026,298443.72,38,f8b04800/f8b06700,2.02186e+11,160
204495,20-04-2026,11162.8,sp/2627/04532,lfb00001,2.02186e+11,2000
204496,21-04-2026,60567.04,sic/2627/00041,lfb00001,2.52187e+11,3208
204497,21-04-2026,60087.96,sic/2627/00040,dg171016,2.82187e+11,2700
204498,21-04-2026,10620,354/26-27,dh 101166-02/1800013205,2.22186e+11,3800
204499,21-04-2026,8751.72,y2/26-27/18003,diff case 65,2.92185e+11,6
204500,21-04-2026,33360.96,sp/2627/04733,pf561218,2.92187e+11,2400
204501,21-04-2026,65844,sp/2627/04734,jf181473,2.22187e+11,5000
204502,19-04-2026,7250,fmt/2627/pa-01,f2p00219a,na,400
204503,22-04-2026,21682.5,366/26-27,dh102502,2.62187e+11,10500
204504,20-04-2026,12661,10566792,0,0,0
204504,20-04-2026,0,10566793,0,0,0
204505,22-04-2026,31411.6,sp/2627/05008,jl151035,2.32187e+11,5324
204505,22-04-2026,7996.86,sp/2627/05048,jl161005,2.12187e+11,900
204506,22-04-2026,8663.27,sp/2627/05009,jl161005,2.02187e+11,975
204507,22-04-2026,58410,sp/2627/05011,a25400020000,2.62187e+11,50000
204508,22-04-2026,40238,sic/2627/00042,jf511215,2.02187e+11,13750
204509,22-04-2026,133151.2,sic/2627/00045,jf511215,2.72187e+11,45500
204510,22-04-2026,43347.3,sic/2627/00044,jl151035,2.42187e+11,1500
204511,23-04-2026,373054.64,39,f8b04800/f8b06700,2.92188e+11,200
204512,23-04-2026,298443.72,40,f8b04800/f8b06700,2.42188e+11,160
204513,23-04-2026,23600,386/26-27,18100013469/1800013205/dh 101166-02,2.62188e+11,10100
204514,23-04-2026,113610.4,385/26-27,dh102502,2.52188e+11,4000
204514,23-04-2026,113610.4,384/26-27,je591342,2.52188e+11,4000
204515,23-04-2026,146437.01,sic/2627/00047,lcd00001,2.22188e+11,18308
204516,23-04-2026,84886.5,sic/2627/00048,dh102198,2.52188e+11,9503
204517,23-04-2026,50041.54,sp/2627/05252,pf561218,2.02188e+11,3600
204517,23-04-2026,6655.2,sp/262705251,dj191096,2.32188e+11,6000
204517,23-04-2026,8566.8,sp/2627/05250,dj191095,2.82188e+11,6000
204517,23-04-2026,6270.05,sp/2627/05249,dj191094,2.12188e+11,720
204518,22-04-2026,32341,89/26-27,jy151011,na,480
204519,23-04-2026,6198.54,391/26-27,dg101340/dh103821,2.72188e+11,5760
204520,24-04-2026,426180.6,208/26-27,12020573,5.71994e+11,900
204521,24-04-2026,11162.8,sp/2627/05559,lfb00001,2.02189e+11,2000
204522,24-04-2026,84620,104/26-27,lac00059,1.4241e+11,14400
204523,24-04-2026,57796.4,sic/2627/00049,jl151035,2.62189e+11,2000
204524,23-04-2026,27437,10566948,0,0,0
204524,23-04-2026,13718,10566947,0,0,0
204525,25-04-2026,73729.52,sic/2627/00052,jy511231,2.6219e+11,7676
204526,25-04-2026,80117.28,sic/2627/00051,dg171016,2.8219e+11,3600
204527,24-04-2026,42963.8,sp/2627/05517,jl151035,2.22189e+11,7282
204527,25-04-2026,11357.2,sp/2627/05733,jl151035,2.62189e+11,1925
204528,25-04-2026,21682.5,417/26-27,dh102502,2.8219e+11,10500
204528,25-04-2026,19470,416/26-27,dh 101166-02/18100013469/1800013205,2.0219e+11,8500
204529,23-04-2026,25676.8,si/1/2627/01580,dk151082,3.62236e+11,2000
204530,25-04-2026,12206,a23,x3108815,na,4650
204531,25-04-2026,57796.4,sic/2627/00053,jl151035,2.1219e+11,2000
204532,25-04-2026,4472.2,419/26-27,dg101340/dh103821,2.9219e+11,3800
204533,25-04-2026,15481.6,sp/2627/05807,jr161033,2.8219e+11,500
204533,25-04-2026,13328.1,sp/2627/05805,jl161005,2.1219e+11,1500
204533,25-04-2026,16007.88,sp/2627/05806,dj191093,2.7219e+11,600
204534,26-04-2026,373054.64,47,f8b04800/f8b06700,2.6219e+11,200
204535,26-04-2026,298443.72,48,f8b04800/f8b06700,2.1219e+11,160
204536,26-04-2026,57796.4,sic/2627/00054,jl151035,2.7219e+11,2000
204537,24-04-2026,76464,10164,0,0,0
204538,26-04-2026,19470,1056762,0,0,0
204539,27-04-2026,39821.53,sic/2627/00055,dh102198,2.7219e+11,4458
204540,27-04-2026,11800,435/26-27,1800013205/dh 101166-02,2.7219e+11,4400
204541,27-04-2026,55952.64,g-012/26-27,556432408216/11,2.72191e+11,400
204542,27-04-2026,63576.04,sic/2627/00057,jl151035,2.22191e+11,2200
204543,28-04-2026,373054.64,52,f8b04800/f8b06700,2.82191e+11,200
204544,28-04-2026,298443.72,53,f8b04800/f8b06700,2.42191e+11,160
204545,28-04-2026,65192.88,sp/2627/06262,pf561218,2.32191e+11,4690
204546,28-04-2026,6525.4,450/26-27,dh103821/dg101340,2.02192e+11,5600
204547,28-04-2026,21682.5,449/26-27,dh102502,2.22191e+11,10500
204547,28-04-2026,23600,448/26-27,181000013469/1800013205/dh 101166-02,2.72191e+11,9600
204548,28-04-2026,63576.04,sic/2627/00058,jl151035,2.82191e+11,2200
204549,27-04-2026,284120.4,234/26-27,12020573,8.12986e+11,408
204550,28-04-2026,na,na,na,0,na
204551,28-04-2026,52816.8,258/26-27,5.50148e+11,5.41996e+11,120
204552,29-04-2026,63790.8,265/26-27,5010581/500166-17,2.62192e+11,18000
204553,29-04-2026,25704,26-27/0056,0,0,284
204554,29-04-2026,5581.4,sp/2627/06584,lfb00001,2.82192e+11,1000
204554,29-04-2026,281961,sp/2627/06520,jg181235,2.12192e+11,16200
204554,29-04-2026,72763.52,sp/2627/06521,jr161033,2.72192e+11,2350
204554,29-04-2026,40019.7,sp/2627/06519,dj191093,2.22192e+11,40019.7
204555,29-04-2026,na,na,na,na,na
204556,29-04-2026,63576.04,sic/2627/00060,jl151035,2.42192e+11,2200
204557,27-04-2026,431526,10856,0,2.02191e+11,0
204558,30-04-2026,71103.59,sic/2627/00062,lcd00001,2.42193e+11,11769
204559,30-04-2026,30272.58,sic/2627/00061,dh102198,2.82193e+11,3389
204560,30-04-2026,5581.4,sp/2627/06742,lfb00001,2.72193e+11,1000
204561,30-04-2026,15340,482/26-27,1800013205,2.92193e+11,5200
204562,30-04-2026,85207.8,484/26-27,dh102502,2.92193e+11,3000
204562,30-04-2026,85207.8,483/26-27,je591342,2.32193e+11,3000
204563,30-04-2026,4696.4,488/26-27,dg101340/dh103821,2.72193e+11,4600
204564,01-05-2026,43347.3,sic/2627/00064,jl151035,2.42194e+11,1500
204565,29-04-2026,66021,271/26-27,5.50148e+11,5.51997e+11,150
204566,01-05-2026,35000,si/1/2627/00005,js00010,na,4
204567,02-05-2026,373054.64,54,f8b04800/f8b06700,2.22194e+11,200
204568,02-05-2026,298443.72,55,f8b04800/f8b06700,2.42194e+11,160
204569,28-04-2026,0,11929,0,0,0
204570,29-04-2026,112058.7,10222,0,0,540
204571,02-04-2026,25960,hapl/26-27/311,ds161091,3.52242e+11,4000
204572,02-05-2026,12182.2,saec/098/26-27,3002001049,2.12194e+11,90
204573,02-05-2026,127440,sic/2627/00065,jg171020,2.92194e+11,18000
204574,02-05-2026,366801,g-021/26-27,556432408216/11,2.62194e+11,400
204575,02-05-2026,5597.8,sp/2627/07136,jl161005,2.22194e+11,630
204575,02-05-2026,30580.88,sp/2627/07137,pf561218,2.52194e+11,2200
204576,02-05-2026,63576.04,sic/2627/00066,jl151035,2.82194e+11,2200
204577,30-04-2026,13718,10567234,0,0,0
204578,03-05-2026,16242.94,saec/102/26-27,3002001049,2.72195e+11,120
204579,03-05-2026,63576.04,sic/2627/00067,jl151035,2.12195e+11,2200
204580,04-05-2026,18880,526/26-27,1800013205,2.62195e+11,6400
204581,04-05-2026,226560,sic/2627/00069,jg171020,2.42195e+11,32000
204582,04-05-2026,23316.8,sp/2627/07562,dh102205,2.32195e+11,13000
204582,04-05-2026,41701.2,sp/2627/07563,pf561218,2.82195e+11,3000
204583,04-05-2026,63576.04,sic/2627/00070,jl151035,2.62195e+11,2200
204584,04-05-2026,5723,531/26-27,dg101340/dh103821,2.12195e+11,5500
204585,05-05-2026,34059,ptt-26/27-011,6100125604/05/02/06,na,4
204586,05-05-2026,152887.6,sic/2627/00071,lcd00001/dh102555,2.02196e+11,23923
204587,05-05-2026,45082.42,sic/2627/00072,lcd00001,2.22196e+11,7462
204587,05-05-2026,16025.08,sic/2627/00073,dh102198,2.02196e+11,1794
204588,30-04-2026,84620,142/26-27,lac00059,1.42416e+11,14400
204588,30-04-2026,84620,143/26-27,lac00059,1.72416e+11,14400
204589,05-05-2026,21682.5,540/26-27,dh102502,2.52196e+11,10500
204590,05-05-2026,52605.34,sp/2627/07756,dg171016,2.32196e+11,1760
204590,05-05-2026,5581.4,sp/2627/07871,lfb00001,2.52196e+11,1000
204590,05-05-2026,1466.09,sp/2627/07757,jl161005,2.32196e+11,165
204591,05-05-2026,63576.04,sic/2627/00074,jl151035,2.82196e+11,2200
204592,04-04-2026,18585,125/26-27/u1,jc181024,2.72195e+11,15000
204593,06-05-2026,4336.5,554/26-27,dh103821/dg101340,2.32197e+11,4200
204594,06-05-2026,14160,553/26-27,1800013205,2.82197e+11,4800
204595,06-05-2026,66684.16,sic/2627/00076,lfb00001,2.22197e+11,3532
204596,06-05-2026,29889.4,sp/2627/08050,dg171016,2.62196e+11,1000
204596,06-05-2026,33360.96,sp/2627/08048,pf561218,2.42196e+11,2400
204597,06-05-2026,29471.68,v1/2627/70035,sfsil0104,2.22197e+11,100
204598,06-05-2026,63576.04,sic/2627/00077,jl151035,2.72197e+11,2200
204599,07-05-2026,373054.64,58,f8b04800/f8b06700,2.82197e+11,200
204600,07-05-2026,298443.72,59,f8b04800/f8b06700,2.72197e+11,160
204601,04-05-2026,1000,i,na,na,1
204602,07-05-2026,11800,hapl/26-27/370,pf591499,3.82246e+11,2000
204603,07-05-2026,36249.6,sic/2627/00078,lcd00001,2.62197e+11,6000
204604,07-05-2026,8850,sp/2627/08270,jl151035,2.52197e+11,1500
204605,07-05-2026,13328.1,sp/2627/08271,jl161005,2.32197e+11,1500
204606,08-05-2026,26172.52,sic/2627/00080,dh102198,2.12198e+11,2930
204607,08-05-2026,63576.04,sic/2627/00081,jl151035,2.02198e+11,2200
204608,08-05-2026,29190.84,sp/2627/06612,pf561218,2.62198e+11,2100
204609,08-05-2026,3740.6,585/26-27,dh103821/dg101340,na,3400
204610,08-05-2026,5900,584/26-27,1800013205,na,2000
204611,08-05-2026,213090.3,347/26-27,12020573,5.02001e+11,450
204612,05-05-2026,153182,12117,0,0,0
204613,09-05-2026,85207.8,605/26-27,je591342,2.82199e+11,3000
204613,09-05-2026,85207.8,606/26-27,dh102502,2.52199e+11,3000
204614,09-05-2026,18585,607/26-27,dh102502,2.32199e+11,9000
204615,09-05-2026,77172,26-27/10080,b6c-c-5720,na,6
204616,09-05-2026,26500,challan no - 32,hardend washer 13,na,10000
204617,09-05-2026,169990.8,sic/2627/00083,dh102555,2.92199e+11,24000
204618,09-05-2026,5581.4,sp/2627/08792,lfb00001,2.42198e+11,1000
204618,09-05-2026,11162.8,sp/2627/08893,lfb00001,2.02199e+11,2000
204619,09-05-2026,119557.6,sp/2627/08796,dg171016,2.12198e+11,4000
204620,09-05-2026,63576.04,sic/2627/00082,jl151035,2.32199e+11,2200
204833,08-06-2026,13133.4,1212/26-27,dg101340,2.32219e+11,3000
204622,10-05-2026,13536.08,610/26-27,b2004187700215,2.22199e+11,875
204623,10-05-2026,6270.05,sp/2627/09057,dj191094,2.72199e+11,720
204623,10-05-2026,8566.8,sp/2627/09058,dj191095,2.82199e+11,6000
204623,10-05-2026,2218.4,sp/2627/09059,dj191096,2.62199e+11,2000
204624,10-05-2026,63576.04,sic/2627/00085,jl151035,2.22199e+11,2200
204832,08-06-2026,92474.24,sic/2627/00149,jl151035,2.82219e+11,3200
204626,08-05-2026,52038,10150,0,0,0
204627,08-05-2026,194736.82,10149,0,0,0
204628,08-05-2026,87130,dc/2627/4442,sfft0236,2.22198e+11,100
204629,11-05-2026,18880,623/26-27,1800013205/dh 101166-02,2.72199e+11,7400
204630,11-05-2026,2991.3,639/26-27,dg101340/dh103821,2.622e+11,3600
204631,11-05-2026,63576.04,sic/2627/00087,jl151035,2.222e+11,2200
204632,11-05-2026,203771.25,373/26-27,bops018501,5.72002e+11,450
204633,12-05-2026,373054.64,70,f8b04800/f8b06700,2.322e+11,200
204634,12-05-2026,298443.72,71,f8b04800/f8b06700,29844372,160
204635,12-05-2026,20450.82,sic/2627/00089,lcd00001,2.122e+11,3385
204636,12-05-2026,45690.28,sic/2627/00088,dh102198,2.822e+11,5115
204831,31-05-2026,na,as per invoice,na,na,na
204829,31-05-2026,na,as per excel report,na,0,na
204830,31-05-2026,na,as per excel report,na,na,na
204639,12-05-2026,85207.8,659/26-27,dh102502,2.922e+11,3000
204639,12-05-2026,85207.8,658/26-27,je591342,2.322e+11,3000
204640,12-05-2026,15487.5,660/26-27,dh102502,2.622e+11,7500
204641,12-05-2026,5581.4,sp/2627/09516,lfb00001,2.922e+11,1000
204641,12-05-2026,34472.99,sp/2627/09515,pf561218,2.022e+11,2480
204642,11-05-2026,18585,156/26-27/u1,jc181024,2.322e+11,15000
204643,12-05-2026,63576.04,sic/2627/00091,jl151035,2.222e+11,2200
204644,12-05-2026,213090.3,378/26-27,12020573,5.22003e+11,450
204645,12-05-2026,35211.2,390/26-27,5.50148e+11,5.52003e+11,80
204646,12-05-2026,407542.5,377/26-27,bops018501,5.92003e+11,900
204647,05-05-2026,20578,10567391,0,0,0
204648,13-05-2026,40887,hapl/26-27/429,ds161091,3.92249e+11,6300
204649,13-05-2026,17700,681/26-27,dh 101166-02/1800013205,2.72201e+11,6800
204650,13-05-2026,na,challan no - 3589,556432408216/11,na,10
204651,13-05-2026,43347.3,sic/2627/00093,jl151035,2.42201e+11,1500
204652,14-05-2026,373054.64,75,f8b04800/f8b06700,2.52202e+11,200
204653,14-05-2026,298443.72,76,f8b04800/f8b06700,2.92202e+11,160
204654,14-05-2026,38575.62,sic/2627/00094,lcd00001,2.72202e+11,6385
204655,13-05-2026,0,saec/136/26-27,filler neck 0106,na,50
204656,13-05-2026,65403.02,saec/136/26-27,filler neck 0124/0177,2.02201e+11,224
204657,10-05-2026,8885.4,sp/2627/09060,jl161005,2.42199e+11,1000
204657,14-05-2026,5581.4,sp/2627/10000,lfb00001,2.62202e+11,1000
204658,13-05-2026,0,saec/136/26-27,filler neck 0106/0177,na,90
204659,14-05-2026,191591.05,sp/2627/09999,dg171016,2.42202e+11,5410
204660,13-05-2026,11328,fmt/26-27-/pa-03,f2p00129 a,na,320
204661,15-05-2026,20303.67,saec/146/26-27,filler neck 0106,2.12203e+11,150
204662,15-05-2026,1754.42,712/26-27,22mm*75mm pin,2.02203e+11,413
204663,15-05-2026,69355.68,sic/2627/00096,jl151035,2.82203e+11,2400
204664,12-05-2026,0,10225,0,0,0
204665,13-05-2026,0,10950,0,0,0
204666,16-05-2026,20544.96,sic/2627/00097,dh102198,2.22203e+11,2300
204667,16-05-2026,15340,737/26-27,dh 101166-02/1800013205,2.12203e+11,6200
204667,16-05-2026,21682.5,736/26-27,dh102502,2.62203e+11,10500
204668,14-05-2026,44014,431/26-27,5.50148e+11,5.12005e+11,100
204669,16-05-2026,25715.74,sp/2627/10473,pf561218,2.02203e+11,1850
204670,16-05-2026,63576.04,sic/2627/00098,jl151035,2.82203e+11,2200
204671,15-05-2026,13718,10567750,0,0,0
204672,16-05-2026,12390,171/26-27/u1,jc181024,2.12204e+11,10000
204673,18-05-2026,373054.64,80,f8b04800/f8b06700,2.12204e+11,200
204674,18-05-2026,298443.72,81,f8b04800/f8b06700,2.52204e+11,160
204675,17-05-2026,66465.86,sic/2627/00099,jl151035,2.82204e+11,2300
204676,18-05-2026,178004.79,sic/2627/00100,lcd00001/jf511215/dh102555,2.12204e+11,43596
204677,18-05-2026,22862.5,773/26-27,dh102502/dg101340,2.62204e+11,12500
204678,13-05-2026,0,10493,0,0,0
204679,18-05-2026,16744.2,sp/2627/10801,lfb00001,2.92204e+11,3000
204680,18-05-2026,122546.54,sp/2627/10800,dg171016,2.42204e+11,4100
204681,18-05-2026,na,dc no-214,jr183911/jr181571,na,2
204682,18-05-2026,34677.84,sic/2627/00101,jl151035,2.72204e+11,1200
204683,18-05-2026,18290,772/26-27,dh 101166-02/1800013205/18100013469,2.52204e+11,7800
204684,19-05-2026,39430.93,479/26-27,512003900,6.82007e+11,84
204685,18-05-2026,59180.4,474/26-27,5120065,6.32006e+11,148
204686,19-05-2026,37253.07,sp/2627/11095,pf561218,2.62205e+11,2680
204686,19-05-2026,8885.4,sp/2627/11096,jl161005,2.32205e+11,1000
204687,19-05-2026,52016.76,sic/2627/00102,jl151035,2.42205e+11,1800
204688,20-05-2026,373054.64,82,f8b04800,2.62206e+11,200
204689,20-05-2026,298443.72,83,f8b04800/f8b06700,2.22206e+11,160
204690,18-05-2026,18585,176/26-27/u1,jc181024,2.12205e+11,15000
204691,20-05-2026,41289.43,sp/2627/11375,jy511231,2.22206e+11,3936
204691,20-05-2026,11162.8,sp/2627/11367,lfb00001,2.82206e+11,2000
204692,20-05-2026,309448.11,sic/2627/00103,dh102555,2.22206e+11,36000
204694,20-05-2026,22064.82,825/26-27,dh102502/dg101340,2.62206e+11,11148
204694,20-05-2026,5310,822/26-27,dh101166-02,2.62206e+11,2500
204693,20-05-2026,85207.8,824/26-27,dh102502,2.02206e+11,3000
204693,20-05-2026,85207.8,823/26-27,je591342,2.82206e+11,3000
204695,20-05-2026,63576.04,sic/2627/00104,jl151035,2.92206e+11,2200
204696,21-05-2026,65400.02,sic/2627/00106,lcd00001,2.52206e+11,7154
204697,21-05-2026,46006.78,sic/2627/00105,dh101648,2.32206e+11,7615
204698,21-05-2026,128679,cdom2627-7683,3010001101,0,500
204699,21-05-2026,12154,314/26-27,dh161470,2.12207e+11,2000
204700,21-05-2026,128679,cdom2627-7683,3010001101,2.42207e+11,500
204701,21-05-2026,15434.4,v1/2627/70650,fghae0041,2.92207e+11,200
204702,21-05-2026,5581.4,sp/2627/11800,lfb00001,2.72207e+11,1000
204703,21-05-2026,46303.2,v1/2627/70648,fghae0041,2.32207e+11,600
204704,17-05-2026,0,10346,0,0,0
204705,20-05-2026,0,10316,0,0,0
204706,22-05-2026,39250.46,7322602509,boy50348,3.22256e+11,39
204706,22-05-2026,678.55,7322602510,boy50349,3.42256e+11,39
204706,22-05-2026,1006.42,7322602511,boy50348,3.62256e+11,1
204706,22-05-2026,1006.42,7322602512,boy50349,3.32256e+11,1
204707,22-05-2026,8938,jme/26-27/2774,rub000119,0,1500
204708,22-05-2026,5581.4,sp/2627/12000,lfb00001,2.62207e+11,1000
204708,22-05-2026,95727.5,sp/2627/12001,jg181235,2.52207e+11,5500
204709,22-05-2026,8885.4,sp/2627/12002,jl161005,2.22207e+11,1000
204707,22-05-2026,2980,jme/26-27/2775,rub000119,0,500
204710,22-05-2026,63576.04,sic/2627/00108,jl151035,2.52207e+11,2200
204711,23-05-2026,373054.6,92,f8b04800/f8b06700,2.12208e+11,200
204712,23-05-2026,298443.72,93,f8b04800/f8b06700,2.52208e+11,160
204713,23-05-2026,17947.8,saec/178/26-27,filler neck 0177,2.32208e+11,90
204714,23-05-2026,102943.2,cdom2627-7970,3010001101,2.42208e+11,400
204715,23-05-2026,88230.96,sic/2627/00110,jf511215,2.22208e+11,30150
204716,23-05-2026,15120,609,connecting pin,na,8000
204717,23-05-2026,10620,872/26-27,dh 101166-02/1800013205,2.02208e+11,4300
204717,23-05-2026,22526.2,869/26-27,dh102502/dg101340,2.82208e+11,11930
204718,23-05-2026,85207.8,871/26-27,dh102502,2.32208e+11,3000
204718,23-05-2026,85207.8,870/26-27,je591342,2.72208e+11,3000
204719,18-05-2026,0,11740,0,0,0
204720,17-05-2026,0,10347,0,0,0
204721,23-05-2026,5581.4,sp/2627/12269,lfb00001,2.12208e+11,1000
204722,23-05-2026,63576.04,sic/2627/00111,jl151035,2.92208e+11,2200
204723,24-05-2026,10450.08,sp/2627/12478,dj191094,na,1200
204723,24-05-2026,5711.2,sp/2627/12477,dj191095,2.12209e+11,4000
204724,24-05-2026,28898.2,sic/2627/00112,jl151035,2.62209e+11,1000
204725,22-05-2026,27437,10568041,0,0,0
204726,25-05-2026,16166,305,lfb00001,na,5000
204727,20-05-2026,0,10482,0,0,0
204728,25-05-2026,25252.07,sic/2627/00113,jy511231,2.32209e+11,2629
204729,25-05-2026,1297.12,df04068/26-27,990748,na,2500
204730,25-05-2026,17511.2,920/26-27,dg101340,2.52209e+11,4000
204731,25-05-2026,63576.04,sic/2627/00115,jl151035,2.42209e+11,2200
204732,25-05-2026,71030.1,543/26-27,12020573,5.9201e+11,150
204733,26-05-2026,373054.64,96,f8b04800/f8b06700,2.4221e+11,200
204734,26-05-2026,298443.72,97,f8b04800/f8b06700,2.7221e+11,160
204735,24-05-2026,54874,10568096,0,0,0
204736,22-05-2026,0,11739,0,0,0
204736,23-05-2026,0,11083,0,0,0
204737,26-05-2026,98635.02,sp/2627/12859,dg171016,2.6221e+11,3300
204738,26-05-2026,59778.8,sp/2627/12860,dg171016,2.1221e+11,2000
204738,26-05-2026,16744.2,sp/2627/12861,lfb00001,2.1221e+11,3000
204739,25-05-2026,6195,200/26-27/u1,jc181024,2.92209e+11,5000
204740,26-05-2026,28756.6,hapl/26-27/582,pf591672,3.82258e+11,1000
204741,26-05-2026,128679,cdom2627-8542,3010001101,na,500
204742,26-05-2026,60385.32,7322602662,boy50348,3.12259e+11,60
204742,26-05-2026,30192.66,7322602663,boy50349,3.42259e+11,30
204743,26-05-2026,88598.99,sic/2627/00117,dh102198,2.7221e+11,2407
204744,26-05-2026,63576.04,sic/2627/00118,jl151035,2.5221e+11,2200
204745,22-05-2026,0,13161,0,0,0
204746,26-05-2026,6490,932/26-27,dh 101166-02/18100013469,2.7221e+11,3000
204746,26-05-2026,21682.5,933/26-27,dh102502,2.8221e+11,10500
204747,27-05-2026,2594.23,df04202/26-27,flange screw,na,5000
204748,27-05-2026,81332.02,sic/2627/00120,lcd00001,2.32211e+11,18462
204749,27-05-2026,66764.4,sic/2627/00121,dg171016,2.42211e+11,3000
204750,27-05-2026,0,2612m05793,990748,na,1000
204751,27-05-2026,944,v1/2627/70897,sfsil00119,2.12211e+11,50
204751,27-05-2026,14735.84,v1/2627/70898,sfsil0104,2.42211e+11,50
204752,27-05-2026,52978.79,sic/2627/00123,lcd00001,2.22211e+11,8769
204753,27-05-2026,14760,177/26-27,metal insert ,na,600
204754,27-05-2026,8885.4,sp/2627/13201,jl161005,2.62211e+11,1000
204754,27-05-2026,31970.92,sp/2627/13200,pf561218,2.12211e+11,2300
204755,27-05-2026,66465.86,sic/2627/00122,jp151035,2.22211e+11,2300
204756,22-05-2026,0,13159,0,0,0
204757,25-05-2026,0,10155,0,0,0
204758,28-05-2026,28423.53,sic/2627/00126,dh102198,2.12211e+11,3182
204759,28-05-2026,13781.4,sic/2627/00125,jl113035,2.12211e+11,11123
204760,28-05-2026,58472.3,576/26-27,3070006002,5.52012e+11,440
204761,29-05-2026,25886.01,sic/2627/00127,jy511231,2.72212e+11,2695
204762,29-05-2026,16744.2,sp/2627/13674,lfb00001,2.62212e+11,3000
204763,29-05-2026,7748.71,992/26-27,dg101340,2.62212e+11,1770
204764,29-05-2026,63576.04,sic/2627/00129,jl151035,2.02212e+11,2200
204765,27-05-2026,54238,249/26-27,dh181115,1.5244e+11,2240
204766,30-05-2026,63790.8,532/26-27,slip yoke welch plug 27/28,2.82213e+11,18000
204767,23-05-2026,0,13171,0,0,0
204767,26-05-2026,0,13150,0,0,0
204768,23-05-2026,0,13176,0,0,0
204768,23-05-2026,0,13155,0,0,0
204769,26-05-2026,0,0,0,0,0
204770,30-05-2026,92089.91,sic/2627/00130,lcd00001,2.32213e+11,10538
204771,30-05-2026,16166,342,lfb00001,na,5000
204772,30-05-2026,102943.2,cdom2627-9063,3010001101,2.72212e+11,400
204773,30-05-2026,170415.6,1009/26-27,je591342,2.02213e+11,6000
204773,30-05-2026,170415.6,1010/26-27,dh102502,2.82213e+11,6000
204774,30-05-2026,14750,1012/26-27,du101162/18100013469/dh 101166-02,2.72213e+11,7000
204775,30-05-2026,63576.04,sic/2627/00131,jl151035,2.82213e+11,2200
204776,29-05-2026,9912,217/26-27u1,jc181024,2.02212e+11,8000
204777,30-05-2026,1202459.12,9521097,0,0,2
204778,31-05-2026,23283.17,sp/2627/14191,pf561218,2.52214e+11,1675
204778,30-05-2026,6749.6,sp/2627/14013,jl171158,2.82213e+11,2000
204779,31-05-2026,57796.4,sic/2627/00132,jl151035,2.92214e+11,2000
204780,01-06-2026,373054.64,104,f8b04800/f8b06700,2.82214e+11,200
204781,01-06-2026,298443.72,105,f8b04800/f8b06700,2.92214e+11,160
204782,30-05-2026,27437,10568273,0,0,0
204783,01-06-2026,45541.58,sic/2627/00136,dh101648,2.32214e+11,7538
204784,01-06-2026,52675.2,sic/2627/00134,jp181280,2.62214e+11,24000
204785,01-06-2026,63576.04,sic/2627/00135,jl151035,2.52214e+11,2200
204786,29-05-2026,0,13282,0,0,0
204787,31-05-2026,0,10568307,0,0,0
204788,02-06-2026,10620,1068/26-27,18100013469/dh 101166-02,2.52215e+11,5000
204788,02-06-2026,21682.5,1067/26-27,dh102502,2.02215e+11,10500
204789,27-05-2026,0,13109,0,0,0
204790,25-05-2026,0,13147,0,0,0
204790,27-05-2026,0,13241,0,0,0
204791,02-06-2026,120903,g-038/26-27,556432408211/16,2.32215e+11,400
204792,02-06-2026,88220.65,sic/2627/00137,lcd00001,2.62215e+11,3462
204793,02-06-2026,53416.95,sic/2627/00140,dh102198,2.12215e+11,5980
204794,02-06-2026,0,na,na,na,na
204795,02-06-2026,8263.42,sp/2627/14667,jl161005,2.32215e+11,930
204795,02-06-2026,16744.2,sp/2627/14666,lfb00001,2.02215e+11,3000
204796,02-06-2026,52250.4,sp/2627/14671,dj191094,2.92215e+11,6000
204796,02-06-2026,6655.2,sp/2627/14669,dj191096,2.22215e+11,6000
204796,02-06-2026,8566.8,sp/2627/14668,dj191095,2.12215e+11,6000
204797,02-06-2026,66465.86,sic/2627/00139,jl151035,2.22215e+11,2300
204798,03-06-2026,298443.72,114,f8b046700/f8b06700,2.32215e+11,160
204799,03-06-2026,373054.64,113,f8b04800/f8b06700,2.12215e+11,200
204800,31-05-2026,13629,222/26-27/u1,1800022934,na,11000
204801,03-06-2026,16729.19,sic/2627/00142,lcd00001,2.52216e+11,2769
204802,03-06-2026,128679,cdom2627-9889,3010001101,2.42216e+11,500
204803,03-06-2026,19460.56,sp/2627/14999,pf561218,2.32216e+11,1400
204803,03-06-2026,93987,sp/2627/14997,jg181235,2.52216e+11,5400
204804,03-06-2026,885,1092/26-27,dg101340,2.72216e+11,1500
204805,03-06-2026,25865.6,384,lfb00001,na,8000
204806,03-06-2026,72245.5,sic/2627/00143,jl151035,2.42216e+11,2500
204807,04-06-2026,85207.8,1116/26-27,dh102502,2.62216e+11,3000
204807,04-06-2026,85207.8,1115/26-27,je591342,2.52216e+11,3000
204808,04-06-2026,23895,1094/26-27,du101162/dh 101166-02/1800013205,2.62216e+11,9800
204809,04-06-2026,1475,1117/26-27,dg101340,2.72216e+11,2500
204810,05-06-2026,142060.2,653/26-27,12020573,5.42016e+11,300
204811,05-06-2026,373054.64,117,f8b04800/f8b06700,2.42217e+11,200
204812,05-06-2026,298443.72,118,f8b04800/f8b06700,2.12217e+11,160
204813,05-06-2026,60534,sic/2627/00145,lcd00001,2.62217e+11,9500
204814,05-06-2026,33360.96,sp/2627/15595,pf561218,2.62217e+11,2400
204815,05-06-2026,10944.5,1139/26-27,dg101340,2.42217e+11,2500
204816,05-06-2026,4442.7,sp/2627/15634,jl161005,na,500
204817,05-06-2026,115592.8,sic/2627/00144,jl151035,2.02217e+11,4000
204818,05-06-2026,44014,658/26-27,5.50148e+11,5.82016e+11,100
204819,06-06-2026,3776,v1/2627/71379,sfsil00119,2.32218e+11,200
204819,06-06-2026,51951.43,v1/2627/71380,sfsil00127,2.72218e+11,56
204820,06-06-2026,12304.26,sic/2627/00147,jy511231,2.62218e+11,1281
204821,06-06-2026,27800.8,sp/2627/15893,pf561218,2.32218e+11,2000
204821,06-06-2026,4442.7,sp/2627/15894,jl161005,2.52218e+11,500
204821,06-06-2026,9751.8,sp/2627/15895,dh102205,2.32218e+11,5437
204821,06-06-2026,33488.4,sp/2627/15899,lfb00001,2.52218e+11,6000
204822,06-06-2026,101143.7,sic/2627/00146,jl151035,2.52218e+11,3500
204823,07-06-2026,11922.72,156,jl161005-6mm,2.62218e+11,1200
204824,07-06-2026,13900.4,sp/2627/16106,pf561218,2.62218e+11,1000
204824,07-06-2026,94749.4,sp/2627/16107,dg171016,2.62218e+11,3170
204824,07-06-2026,6270.05,sp/2627/16108,dj191094,2.82218e+11,720
204825,07-06-2026,13133.4,1175/26-27,dg101340,2.02218e+11,3000
204826,07-06-2026,92474.24,sic/2627/00148,jl151035,2.42218e+11,3200
204827,08-06-2026,18585,1207/26-27,dh102502,2.22219e+11,9000
204827,08-06-2026,31565,1206/26-27,du101162/18100013469/1800013205/dh 101166-02,2.02219e+11,13200
204828,08-06-2026,52816.8,690/26-27,5.50148e+11,5.42018e+11,120
204834,08-06-2026,4442.7,sp/2627/16368,jl161005,2.12219e+11,500
204834,08-06-2026,12084.71,sp/2627/16367,jy511231,2.62219e+11,1152
204834,06-06-2026,87025,sp/2627/15896,jg181235,2.22218e+11,5000
204835,06-06-2026,0,10349,0,0,0
204836,06-06-2026,0,10154,0,0,0
204837,09-06-2026,84944,sic/2627/00150,dh101648,2.52219e+11,1102
204838,09-06-2026,373054.64,121,f8b04800/f8b06700,2.42219e+11,200
204839,09-06-2026,298443.72,122,f8b04800/f8b06700,2.52219e+11,160
204840,06-06-2026,0,13234,0,0,0
204841,05-06-2026,0,10600037,0,0,0
204842,05-06-2026,0,10600038,0,0,0
204843,28-05-2026,0,13141,0,0,0
204844,01-06-2026,0,13315,0,0,0
204844,01-06-2026,0,13344,0,0,0
204844,01-06-2026,0,13345,0,0,0
204844,30-05-2026,0,13313,0,0,0
204845,01-06-2026,0,13343,0,0,0
204846,01-06-2026,0,13347,0,0,0
204846,01-06-2026,0,13135,0,0,0
204846,01-06-2026,0,13351,0,0,0
204846,01-06-2026,0,13346,0,0,0
204846,01-06-2026,0,13339,0,0,0
204847,30-05-2026,0,13314,0,0,0
204848,09-06-2026,101143.7,sic/2627/00151,jl151035,2.5222e+11,3500
204849,09-06-2026,17464,611,connecting pin ,na,8000
204850,09-06-2026,19942,saec/244/26-27,filler neck 0177,2.1222e+11,100
204851,09-06-2026,142060.2,700/26-27,bops020801,5.72018e+11,300
204852,10-06-2026,36367.6,26p200935,3080000033,-,400
204853,10-06-2026,12932.8,430,lfb00001,-,4000
204854,10-06-2026,23930.4,saec/247/26-27,filler neck 0177,2.9222e+11,120
204855,10-06-2026,53776.85,2.63033e+11,1800068368/366,3.22269e+11,480
204856,10-06-2026,23051.55,2.63033e+11,1800068285/31149/01710,3.52269e+11,1307
204857,10-06-2026,3685.14,2.63033e+11,1800068334/335,3.32269e+11,300
204858,10-06-2026,12390,1255/26-27,1800013205/dh 101166-02/18100013469,2.1222e+11,5100
204859,08-06-2026,0,13129,0,0,0
204860,06-06-2026,0,10348,0,0,0
204861,10-06-2026,8885.4,sp/2627/16971,jl161005,2.82221e+11,1000
204861,10-06-2026,16744.2,sp/2627/16973,lfb00001,2.72221e+11,3000
204861,10-06-2026,87025,sp/2627/16970,jg181235,2.22221e+11,5000
204862,10-06-2026,44014,710/26-27,5.50148e+11,5.22019e+11,100
204863,10-06-2026,101143.7,sic/2627/00152,jl151035,2.7222e+11,3500
204864,06-06-2026,18585,247/26-27/u1,jc181024,0,15000
204865,11-06-2026,89222.7,sic/2627/00154,jy511231,2.12221e+11,9289
204866,11-06-2026,94242.69,sic/2627/00153,lcd00001,2.92221e+11,10757
204867,11-06-2026,1331.04,2.63033e+11,1800068349,3.3227e+11,300
204867,11-06-2026,7356.71,2.63033e+11,1800068344/43/40/48,3.8227e+11,1000
204867,11-06-2026,9884.39,2.63033e+11,180008334/37/35/39,3.5227e+11,660
204867,11-06-2026,26459.14,2.63033e+11,1800068285/31149/01710/1719,3.9227e+11,1400
204867,11-06-2026,44814.04,2.63033e+11,1800068368/366,3.2227e+11,400
204867,11-06-2026,10804.08,2.63033e+11,1800068364,3.5227e+11,100
204868,11-06-2026,29190.84,sp/2627/17268,pf561218,2.92221e+11,2100
204869,11-06-2026,51507,sp/2627/17274,a18900020000,2.32221e+11,45000
204870,11-06-2026,24819,174,jl161005-6mm,2.72221e+11,2500
204871,11-06-2026,24042.5,1285/26-27,dh102502/dg101340,2.12221e+11,14500
204872,12-06-2026,70664,af/2627/164602,fg0003,2.32222e+11,700
204873,12-06-2026,56017.55,2.63033e+11,1800068368/366,3.22271e+11,500
204873,12-06-2026,10804.08,2.63033e+11,1800068364,3.82271e+11,100
204874,12-06-2026,168052.65,2.63033e+11,1800068368/366,3.52271e+11,1500
204875,12-06-2026,4442.7,sp/2627/17622,jl161005,2.62222e+11,500
204876,12-06-2026,1812.3,744/26-27,5.50148e+11,5.7202e+11,100
204884,13-06-2026,19942,saec/255/26-27,filler neck 0177,2.62223e+11,100
204878,12-06-2026,101143.7,sic/2627/00155,jl151035,2.42222e+11,3500
204879,12-06-2026,29190.84,sp/2627/17623,pf561218,2.72222e+11,2100
204880,13-06-2026,21682.5,1318/26-27,dh102502,2.52223e+11,10500
204880,13-06-2026,16520,1321/26-27,dh 101166-02/1800013205,2.22223e+11,6400
204881,13-06-2026,85207.8,1319/26-27,dh102502,2.72223e+11,3000
204881,13-06-2026,85207.8,1320/26-27,je591342,2.92223e+11,3000
204882,13-06-2026,3072.72,2.63033e+11,pf111019,3.92271e+11,200
204883,13-06-2026,9340.88,2.63033e+11,jw111017/pf111019,3.12271e+11,600
204883,13-06-2026,17416.8,2.63033e+11,jv111141/jg111085/jv111019/ja111015,3.42271e+11,1300
204883,13-06-2026,89628.08,2.63033e+11,jv111015/jv111016,3.42271e+11,800
204885,13-06-2026,101143.7,sic/2627/00156,jl151035,2.22223e+11,3500
204886,14-06-2026,8885.4,sp/2627/17977,jl161005,2.12223e+11,1000
204887,14-06-2026,59778.8,sp/2627/17978,dg171016,2.72223e+11,2000
204888,14-06-2026,34774.6,184,jl161005-6mm,-,3500
204889,14-06-2026,248897.68,741/26-27,5.01147e+11,5.2202e+11,654
204890,14-06-2026,101143.7,sic/2627/00157,jl151035,2.62223e+11,3500
204891,13-06-2026,5334,26-27/1184,1100012545,2.52223e+11,175
204892,15-06-2026,373054.64,131,f8b06700/f8b04800,2.92223e+11,200
204893,15-06-2026,298443.72,132,f8b04800/f8b06700,2.62223e+11,160
204894,15-06-2026,98660.57,sic/2627/00158,dh102198,2.42224e+11,11045
204895,15-06-2026,19055.21,sic/2627/00159,dh101648,2.02224e+11,3154
204896,15-06-2026,19464.9,ssi/26-27/068,554547500156/121,-,192
204897,15-06-2026,8452.34,2.63033e+11,1800068348/49/35/39,3.92272e+11,1000
204897,15-06-2026,20314.88,2.63033e+11,1800068285/31149/01710,3.02272e+11,1200
204897,15-06-2026,7051.68,2.63033e+11,1800068334/44/40,3.72272e+11,700
204898,15-06-2026,4609.08,2.63033e+11,1800068337,3.32272e+11,300
204899,15-06-2026,48308.26,7322603532,boy50348,3.62272e+11,48
204899,15-06-2026,48308.26,7322603532,boy50349,3.22272e+11,48
204900,15-06-2026,104106.81,2.6525e+11,dh102430,2.42224e+11,301
204901,15-06-2026,1770,1359/26-27,dg101340,2.72224e+11,3000
204902,15-06-2026,101143.7,sic/2627/00163,jl151035,2.02224e+11,3500
204903,15-06-2026,73160,sic/2627/00161,jf511215,2.22224e+11,25000
204904,15-06-2026,66575.6,sic/2327/00162,jf511215,2.42224e+11,22750
204905,15-06-2026,29190.84,sp/2627/18247,pf561218,2.62224e+11,2100
204906,14-06-2026,0,11090,0,0,0
204907,15-06-2026,46374,si/1/2627/05159,jh511028,3.32272e+11,5000
204908,16-06-2026,51408.59,sic/2627/00164,dg171016,2.02224e+11,2310
204909,16-06-2026,42291.2,sic/2627/00165,lcd00001,2.72224e+11,7000
204910,16-06-2026,0,7067,87089900,na,50
204911,16-06-2026,7681.8,2.63033e+11,1800068337,3.22273e+11,500
204912,16-06-2026,26471.53,2.63033e+11,1800001710/19/68334/35,3.12273e+11,1250
204912,16-06-2026,9660.07,2.63033e+11,1800068339/40/43,3.42273e+11,800
204912,16-06-2026,5275.78,2.63033e+11,1800031149/68285/348/49,3.52273e+11,1050
204913,15-06-2026,8487.07,46/26-27,clamp piece ,na,836
204914,16-06-2026,10620,1378/26-27,18100013469/dh 101166-02/1800013205,2.82225e+11,4600
204914,16-06-2026,18585,1377/26-27,1800037329,2.82225e+11,9000
204915,16-06-2026,113610.4,1375/26-27,2000008511,2.12225e+11,4000
204915,16-06-2026,113610.4,1376/26-27,dh102502,2.92225e+11,4000
204916,17-06-2026,40256.88,7322603606,boy50348,3.32274e+11,40
204916,17-06-2026,40256.88,7322603607,boy50349,3.02274e+11,40
204901,15-06-2026,3692.22,1360/26-27,1800066380,2.42224e+11,1490
204917,16-06-2026,0,na,na,na,na
204918,16-06-2026,44014,780/26-27,5.50148e+11,5.32022e+11,100
204919,16-06-2026,70664,af/2627/165027,fh0003,2.82225e+11,700
204920,16-06-2026,101143.7,sic/2627/00166,jl151035,2.32225e+11,3500
204921,15-06-2026,25080,10153,0,0,0
204922,10-06-2026,0,13527,0,0,0
204922,10-06-2026,0,13526,0,0,0
204922,10-06-2026,0,13127,0,0,0
204922,10-06-2026,0,13525,0,0,0
204923,03-06-2026,0,13455,0,0,0
204924,02-06-2026,0,13441,0,0,0
204924,02-06-2026,0,13444,0,0,0
204924,02-06-2026,0,13442,0,0,0
204925,03-06-2026,0,13456,0,0,0
204926,04-06-2026,0,10369,0,0,0
204927,02-06-2026,0,13452,0,0,0
204927,02-06-2026,0,10478,0,0,0
204927,02-06-2026,0,13453,0,0,0
204927,02-06-2026,0,13459,0,0,0
204927,02-06-2026,0,13131,0,0,0
204927,02-06-2026,0,13457,0,0,0
204927,02-06-2026,0,13454,0,0,0
204927,02-06-2026,0,13458,0,0,0
204927,0000-00-00,0,0,0,0,0
204928,16-06-2026,0,393200234,0,0,0
204929,17-06-2026,20128.44,7322603604,b0y50348,3.62274e+11,20
204929,17-06-2026,20128.44,7322603605,b0y50348,3.62274e+11,20
204930,17-06-2026,173638.33,sic/2627/00169,dg171016/jy511231,2.82225e+11,14074
204931,17-06-2026,62647.1,sic/2657/00168,dh101648/dg171016,2.02225e+11,5673
204932,17-06-2026,4609.08,2.63033e+11,1800068337,3.92274e+11,300
204933,17-06-2026,25382.98,2.63033e+11,1710/8334/8343/8335,3.52274e+11,1400
204933,17-06-2026,4573.68,2.63033e+11,1149/8344,3.22274e+11,1300
204934,16-06-2026,44128,422,jk122070,3.32273e+11,6304
204934,17-06-2026,26558,428,jk122070,3.72274e+11,3794
204935,17-06-2026,45000,2608000506,die punch,3.12274e+11,60
204936,17-06-2026,72245.5,sic/2627/00170,jl151035,2.02225e+11,2500
204937,17-06-2026,2997.2,1413/26-27,dg101340/24 mm sensor bus hero,2.82226e+11,4650
204938,17-06-2026,23930.4,saec/266/26-27,filler neck 0177,2.42225e+11,120
204939,17-06-2026,87025,sp/2627/18919,jg181235,2.22226e+11,5000
204939,17-06-2026,8885.4,sp/2627/18920,jl161005,2.22226e+11,1000
204940,15-06-2026,na,as per invoice ,na,na,na
204941,18-06-2026,29190.84,sp/2627/19105,pf561218,2.92226e+11,2100
204942,18-06-2026,9218.16,2.63033e+11,pf111019,3.22274e+11,600
204943,18-06-2026,21717.9,2.63033e+11,ja111015/jv111024/jw111017,3.32274e+11,1200
204944,18-06-2026,139155.63,v1/2627/71936,sfsil00127,2.92226e+11,150
204945,16-06-2026,0,11095,0,0,0
204946,18-06-2026,373054.64,137,f8b04800/f8b06700,2.22226e+11,200
204947,18-06-2026,298443.72,138,f8b04800/f8b06700,2.72225e+11,160
204948,18-06-2026,306893.69,sic/2627/00172,dg171016,2.12226e+11,13790
204949,18-06-2026,44014,816/26-27,5.50148e+11,5.52023e+11,100
204950,18-06-2026,85207.8,1424/26-27,dh102502,2.92226e+11,3000
204950,18-06-2026,85207.8,1423/26-27,je591342,2.02226e+11,3000
204951,18-06-2026,15487.5,1425/26-27,dh102502,2.42226e+11,7500
204952,16-06-2026,0,11096,0,0,0
204953,19-06-2026,15810.63,126002812,dh161057,2.02227e+11,5726
204954,17-06-2026,0,13268,0,0,0
204955,19-06-2026,4609.08,2.63033e+11,pf111019,3.62275e+11,300
204956,19-06-2026,27881.98,sic/2627/00175,dh101648,na,4615
204957,19-06-2026,44152.01,sic/2627/00174,lcd00001,2.42227e+11,7308
204958,19-06-2026,101143.7,sic/2627/00173,jl151035,2.62227e+11,3500
204959,19-06-2026,44014,830/26-27,5.50148e+11,5.62024e+11,100
204960,17-06-2026,0,13267,0,0,0
204961,19-06-2026,19460.56,sp/2627/19508,pf561218,2.22227e+11,1400
204962,20-06-2026,45784,sp/2627/19659,a18900020000,2.82227e+11,40000
204963,15-06-2026,0,13617,0,0,0
204963,15-06-2026,0,13618,0,0,0
204964,20-06-2026,8727.16,sic/2627/00177,bf601030,2.22227e+11,2670
204965,20-06-2026,19942,saec/273/26-27,filler neck 0177,2.72228e+11,100
204966,20-06-2026,6136,19586-26,ral 9010,na,2
204967,20-06-2026,101143.7,sic/2627/00179,jl151035,2.22227e+11,3500
204968,21-06-2026,44014,839/26-27,5.50148e+11,na,100
204969,20-06-2026,678500,csipl/26-27/092,spindle ,7.18009e+11,1
204969,20-06-2026,678500,csipl/26-27/091,spindle ,7.18009e+11,1
204970,21-06-2026,9730.28,sp/2627/20009,pf561218,2.72228e+11,700
204971,21-06-2026,101143.7,sic/2627/00181,jl151035,2.92228e+11,3500
204972,22-06-2026,44207.52,v1/2627/72083,sfsil0104,2.42228e+11,150
204972,22-06-2026,201311.81,v1/2627/72084,sfsil00127,2.12228e+11,217
204973,18-06-2026,0,13701,0,0,0
204974,16-06-2026,0,13623,0,0,0
204974,16-06-2026,0,13624,0,0,0
204975,22-06-2026,38798.4,513,lfb00001,-,12000
204976,22-06-2026,29806.8,230,jl161005-6mm,2.12228e+11,3000
204977,22-06-2026,21830,614,connecting pin ,na,10000
204978,22-06-2026,94141.71,sic/2627/00184,jk122070,2.42228e+11,6481
204979,22-06-2026,47188.2,sic/2627/00185,jp181280,2.62229e+11,21500
204980,22-06-2026,85207.8,1506/26-27,dh102502,2.92229e+11,3000
204980,22-06-2026,85207.8,1505/26-27,je591342,2.52229e+11,3000
204981,22-06-2026,24780,149726-27,dh102502,2.72229e+11,12000
204981,22-06-2026,9440,1498/26-27,1800013205,2.52229e+11,3200
204982,22-06-2026,4934.76,1499/26-27,dg101340/24 mm bus sensor hero ,2.62229e+11,7470
204983,22-06-2026,34796.03,n/t/26-27/6242,b0y41532,3.12277e+11,52
204984,22-06-2026,101143.7,sic/2627/00182,jp151035,2.92228e+11,3500
204985,22-06-2026,48651.4,sp/2627/20132,pf561218,2.52228e+11,3500
204986,23-06-2026,373054.64,142,f8b04800/f8b06700,2.62229e+11,200
204987,23-06-2026,298443.72,143,f8b04800/f8b06700,2.22229e+11,160
204988,22-06-2026,44014,854/26-27,5.50148e+11,5.42025e+11,100
204989,23-06-2026,43221.61,sic/2627/00187,dh101648,2.62229e+11,7154
204990,23-06-2026,156462,sic/2627/00186,jy511231,2.42229e+11,7774
204991,23-06-2026,15326.08,v1/2627/72147,10674675,2.12229e+11,103
204992,17-06-2026,0,13674,0,0,0
204992,17-06-2026,0,13573,0,0,0
204992,17-06-2026,0,13675,0,0,0
204993,23-06-2026,29471.68,v1/2627/72160,sfsil0104,2.72229e+11,100
204993,23-06-2026,115035.32,v1/2627/72159,sfsil00127,2.52229e+11,124
204994,23-06-2026,118000,v1/2627/72164,cobro0056,2.3223e+11,1
204994,23-06-2026,23600,v1/2627/72615,cogau0119/0120,2.2223e+11,2
204995,23-06-2026,44014.08,867/26-27,5.50148e+11,5.52026e+11,100
204996,23-06-2026,101143.7,sic/2627/00188,jl151035,2.02229e+11,3500
204997,23-06-2026,38285.1,sic/2627/00189,dg171016,2.42229e+11,1500
204998,18-06-2026,0,13700,0,0,0
204998,18-06-2026,0,13699,0,0,0
204998,18-06-2026,0,13698,0,0,0
204998,19-06-2026,0,10556,0,0,0
204999,24-06-2026,3636.76,v1/2627/72197,rmsil0023,2.0223e+11,200
205000,24-06-2026,13427.22,sp/2627/20770,dj191021,na,300
205001,24-06-2026,19700.1,1547/26-27,dg101340,2.6223e+11,4500
205002,24-06-2026,30163.87,sp/2627/20729,pf561218,2.8223e+11,2170
205003,24-06-2026,101143.7,sic/2627/00190,jl151035,na,3500
205004,24-06-2026,44014.08,883/26-27,5.50148e+11,5.92026e+11,100
205005,24-06-2026,32609.06,890/26-27,fuel neck assy ,5.02026e+11,60
205006,25-06-2026,18585,1572/26-27,dh102502,2.72231e+11,9000
205006,25-06-2026,14750,1550/26-27,1800013205/dh 101166-02/18100013469,2.4223e+11,5900
205007,25-06-2026,4442.7,sp/2627/20962,jl161005,2.52231e+11,500
205007,25-06-2026,93987,sp/2627/20961,jg181235,2.02231e+11,5400
205008,25-06-2026,44014,904/26-27,5.50148e+11,5.62027e+11,100
205009,26-06-2026,44014,912/26-27,5.50148e+11,5.92028e+11,100
205010,26-06-2026,101143.7,sp/2627/00192,jl151035,2.92232e+11,3500
205011,25-06-2026,0,13814,0,0,0
205012,27-06-2026,181354,g-048/26-27,556432408211/16,2.62232e+11,600
205013,27-06-2026,32999.22,sic/2627/00194,dh101648,2.32232e+11,5462
205014,27-06-2026,55304.81,sic/2627/00193,lcd00001,2.02232e+11,9154
205015,27-06-2026,28414,sapl/26-27/292,erw tube,na,60
205016,27-06-2026,9912,26p307094,6010000003,3.92281e+11,7
205017,27-06-2026,85207.8,1599/26-27,je591342,2.42232e+11,3000
205017,27-06-2026,85207.8,1600/26-27,dh102502,2.82232e+11,3000
205018,27-06-2026,18585,1601/26-27,dh102502,2.32232e+11,9000
205019,27-06-2026,8951.48,sp/2627/21573,dj191021,2.62232e+11,200
205020,27-06-2026,3151,a 70,blanking ,na,1335
205021,27-06-2026,101143.7,sic/2627/00196,jl151035,2.92232e+11,3500
205022,26-06-2026,66721.92,sp/2627/21262,pf561218,2.62232e+11,4800
205023,27-06-2026,44014,926/26-27,5.50148e+11,5.12028e+11,100
205024,28-06-2026,101143.7,sic/2627/00197,jl151035,2.52233e+11,3500
205025,29-06-2026,373054.64,158,f8b04800/f8b06700,2.82233e+11,200
205026,29-06-2026,298443.72,159,f8b04800/f8b06700,2.32233e+11,160
205027,27-06-2026,0,13229,0,0,0
205028,26-06-2026,0,11940,0,0,0
205029,29-06-2026,77639.14,sic/2627/00198,jy511231,2.72234e+11,6892
205030,29-06-2026,15290.44,sp/2627/21765,pf561218,2.62233e+11,1100
205031,29-06-2026,15337.64,1626/26-27,dg101340/jz591414/24 mm sensor bus hero ,2.12234e+11,14830
205032,29-06-2026,44014,939/26-27,5.50148e+11,5.02029e+11,100
205033,29-06-2026,72245=60,sic/2627/00200,jl151035,2.92234e+11,2500
205034,24-06-2026,na,202400,na,na,na
205035,28-06-2026,0,13641,0,0,0
205036,30-06-2026,19460.56,sp/2627/21948,pf561218,2.02234e+11,1400
205037,30-06-2026,38798.4,550,lfb00001,-,12000
205038,30-06-2026,101143.7,sic/2627/00204,jl151035,2.82234e+11,3500
205039,30-06-2026,42813.23,sp/2627/22062,pf561218,2.12234e+11,3000
205040,30-06-2026,12095,1649/26-27,18100013469/1800013205/dh 101166-02,2.92234e+11,5100
205041,27-06-2026,0,13228,0,0,0
205042,26-06-2026,0,13858,0,0,0
205042,26-06-2026,0,13864,0,0,0
205043,25-06-2026,0,13817,0,0,0
205044,25-06-2026,0,13816,0,0,0
205044,25-06-2026,0,13815,0,0,0
205045,01-07-2026,33382.3,385/26-27,insert ace edge ,na,1150
205046,30-06-2026,44014,955/26-27,5.50148e+11,5.7203e+11,100
205046,01-07-2026,44014,978/26-27,5.50148e+11,5.6203e+11,100
205047,30-06-2026,8885.4,sp/2627/22160,jl161005,na,1000
205048,01-07-2026,101143.7,sic/2627/00207,jl151035,2.92235e+11,3500
205049,17-06-2026,na,na,na,na,na
205050,02-07-2026,373054.64,164,f8b04800/f8b06700,2.32236e+11,200
205051,02-07-2026,298443.72,165,f8b04800/f8b06700,2.52236e+11,160
205052,02-07-2026,20303.67,saec/318/26-27,filler neck 0106,2.82236e+11,150
205053,25-06-2026,0,13818,0,0,0
205053,25-06-2026,0,13819,0,0,0
205054,02-07-2026,25576.74,sp/2627/22653,pf561218,2.12236e+11,1840
205054,02-07-2026,5010.37,sp/2627/22634,jr161007,2.52236e+11,96
205055,02-07-2026,58356.9,852/26-27,slip yoke welch plug 27/28,2.72236e+11,16500
205056,02-07-2026,113610.4,1712/26-27,je591342,2.02236e+11,4000
205056,02-07-2026,113610.4,1713/26-27,dh102502,2.82236e+11,4000
205057,02-07-2026,4751.27,1714/26-27,dh101340/1800066380,2.82236e+11,4965
205058,02-07-2026,44014,986/26-27,5.50148e+11,5.62031e+11,100
205059,03-07-2026,309254.93,sic/2627/00209,lcd00001/dg171016/jl601231,2.22236e+11,97207
205060,27-06-2026,0,13227,0,0,0
205061,01-07-2026,12325.21,af/2627/166256,fg0167,2.92235e+11,126
205062,03-07-2026,116702,v1/2627/72609,fghae0046,2.32237e+11,200
205063,03-07-2026,48651.4,sp/2627/22907,pf561218,2.62236e+11,3500
205064,03-07-2026,101143.7,sic/2627/00211,jl151035,2.42236e+11,3500
205065,04-07-2026,17611.5,1760/26-27,dh102502/24 mmsensor hero ,2.72237e+11,10500
205066,04-07-2026,78585.24,sic/2627/00212,jy511231,2.42237e+11,7569
205067,03-07-2026,44014.08,997/26-27,5.50148e+11,6.82032e+11,100
205068,04-07-2026,5605,1763/26-27,18100013469/du101162,2.72237e+11,3000
205069,04-07-2026,101143.7,sic/2627/00214,jl151035,2.72237e+11,3500
205070,05-07-2026,9440,1773/26-27,18100013469/du101162,2.22238e+11,5000
205071,06-07-2026,101143.7,sic/2627/00215,jl151035,2.12238e+11,3500
205072,06-07-2026,373054.64,175,f8b04800/f8b06700,2.92238e+11,200
205073,06-07-2026,298443.72,176,f8b04800/f8b06700,2.62238e+11,160
205074,06-07-2026,27244.78,sp/2627/23428,pf561218,2.02238e+11,1960
205075,06-07-2026,51583.18,sic/2627/00217,lcd00001,2.62238e+11,8538
205076,06-07-2026,47790,ssi/26-27/087,554547500156/121,-,400
205077,03-07-2026,na,13982,na,na,na
205078,02-07-2026,na,13231,na,na,na
205079,06-07-2026,17947.8,saec/329/26-27,filler neck 0177,2.62238e+11,90
205080,06-07-2026,5310,1812/26-27,dg101340/jz591414,2.72238e+11,4200
205081,06-07-2026,57796.4,sic/2627/00128,jl151035,2.62238e+11,200
205082,06-07-2026,54899.5,saec/330/26-27,filler neck 0177/0116,2.52238e+11,310
205083,05-07-2026,na,13644,na,na,na
205084,06-07-2026,64994.4,hapl/26-27/1202,jz591255,3.82286e+11,2295
205085,07-07-2026,16166,609,lfb00001,-,5000
205086,06-07-2026,0,2117,drill jig breather hole/hole,na,2
205087,07-07-2026,96760,hapl/26-27/1207,pf591672,3.42287e+11,2500
205088,29-06-2026,na,13903,na,na,na
205088,03-07-2026,na,10458,na,na,na
205089,07-07-2026,0,409,j2591626,na,55
205090,06-07-2026,2200,n260000272,ap,na,20
205091,07-07-2026,24050.4,saec/331/26-27,filler neck 0177/0116,2.12239e+11,156
205092,08-07-2026,4274,79,x3108815,na,1650
205093,08-07-2026,127811.7,1839/26-27,je591342,2.92239e+11,4500
205093,08-07-2026,127811.7,1840/26-27,dh102502,2.02239e+11,4500
205094,08-07-2026,140530.92,v1/2627/72754,sfsil0006,2.12239e+11,600
205094,08-07-2026,193890.17,v1/2627/72755,sfsil00127,2.82239e+11,209
205094,08-07-2026,29471.68,v1/2627/72756,sfsil0104,2.32239e+11,100
205095,08-07-2026,20433.59,sp/2627/23861,pf561218,2.32239e+11,1470
205096,08-07-2026,65295.58,sic/2627/00219,dg171016,2.52239e+11,2934
205097,08-07-2026,38037.3,saec/334/26-27,filler neck 0141/0116,-,270
205098,08-07-2026,44014,1041/26-27,5.50148e+11,5.42034e+11,100
205099,08-07-2026,101143.7,sic/2627/00220,jl151035,2.82239e+11,3500
205100,09-07-2026,66021,1063/26-27,5.50148e+11,5.02035e+11,150
205101,09-07-2026,40763.33,1061/26-27,5.01147e+11,6.62035e+11,75
205102,09-07-2026,1121,1852/26-27,1800013205/du101162/18100013469,2.2224e+11,5200
205102,09-07-2026,-,1878/26-27,dg101340,2.2224e+11,2600
205103,09-07-2026,-,1877/26-27,dh102502,2.8224e+11,3000
205103,09-07-2026,-,1876/26-27,je591342,2.0224e+11,3000
205104,07-07-2026,361522.5,14080,0,0,190
205104,07-07-2026,54870,10461,0,0,100
205105,10-07-2026,22833,sic/2627/00222,35171033,2.32241e+11,5000
205106,10-07-2026,11366,sapl/26-27/330,erw tube ,-,24
205107,03-07-2026,31640.52,401/26-27,insert ace edge,na,1090
205108,10-07-2026,0,616,j2591392,na,30
205109,09-07-2026,22511.97,sp/2627/24113,jg511268,2.5224e+11,2146
205109,09-07-2026,12540.1,sp/2627/24079,dj191094,2.8224e+11,1440
205109,09-07-2026,5010.37,sp/2627/24081,jr161007,2.0224e+11,96
205110,10-07-2026,101143.7,sic/2627/00224,jl151035,2.72241e+11,3500
205111,10-07-2026,46728,sp/2627/24080,a25400020000,2.2224e+11,40000
205112,11-07-2026,44769.32,saec/341/26-27,filler neck 0166/0177,2.62241e+11,306
205113,08-07-2026,0,14158,0,0,0
205114,11-07-2026,43174.31,sic/2627/00225,dg171016,2.02241e+11,1940
205115,10-07-2026,40867.18,sp/2627/24330,pf561218,2.42241e+11,2940
205116,11-07-2026,4088.7,hapl/26-27/1290,cew tube,3.4229e+11,3
205117,11-07-2026,8083,1934/26-27,dg101340/cnc jaw,2.82242e+11,2520
205118,11-07-2026,85207.8,1930/26-27,je591342,2.32241e+11,3000
205118,11-07-2026,85207.8,1931/26-27,dh102502,2.22241e+11,3000
205119,11-07-2026,20963.88,1932/26-27,dh102502/24 mm sensor bus hero ,2.62241e+11,15235
205120,11-07-2026,939.87,sp/2627/24615,jg181235,2.32241e+11,5400
205121,11-07-2026,0,na,na,na,na
205122,11-07-2026,101143.7,sic/2627/00226,jl151035,2.42241e+11,3500
205123,12-07-2026,41245.14,saec/342/26-27,filler neck 0116/0177,2.62242e+11,245
205124,12-07-2026,101143.7,sic/2627/00227,jl151035,2.42242e+11,3500
205125,13-07-2026,44976.88,saec/347/26-27,filler neck 0149/146/0177,2.12242e+11,282
205126,09-07-2026,0,13987,0,0,0
205127,10-07-2026,0,10360,0,0,0
205128,09-07-2026,0,13987,0,0,0
205129,07-07-2026,0,14028,0,0,360
205130,13-07-2026,9440,1973/26-27,1800013205/18100013469,2.22243e+11,4800
205131,13-07-2026,23895,ssi/26-27/099,554547500156/121,-,200
205132,13-07-2026,86215.1,sic/2627/00230,dg171016,2.32243e+11,3874
205133,13-07-2026,135754.28,sic/2627/00231,dg171016,2.12243e+11,6100
205134,13-07-2026,3098,33,cub end piece ,na,177
205135,13-07-2026,13427.22,sp/2627/25087,dj191021,2.72243e+11,300
205136,13-07-2026,101143.7,sic/2627/00229,jl151035,2.22243e+11,3500
205137,13-07-2026,15568.45,sp/2627/25089,pf561218,2.42243e+11,1120
205138,30-06-2026,na,as per invoice,na,na,0
205139,30-06-2026,na,as per invoice,na,na,0
205140,30-06-2026,na,as per invoice,na,na,0
205141,30-06-2026,na,as per invoice,na,na,0
205142,14-07-2026,7828.71,sp/2627/25410,jr161007,2.42243e+11,150
205143,14-07-2026,8352.04,2014/26-27,dg101340/jz591414,2.12244e+11,7180
205144,14-07-2026,85207.8,2009/26-27,je591342,2.62243e+11,3000
205144,14-07-2026,85207.8,2010/26-27,dh102502,2.42243e+11,3000
205145,14-07-2026,20284.2,2011/26-27,dh102502/24mm bus hero sensor ,2.92243e+11,11400
205146,14-07-2026,139470.24,sic/2627/00232,lcd00001/pa131610,2.32243e+11,20726
205147,14-07-2026,61060.26,sic/2627/00233,jy511231,2.82243e+11,6357
205148,14-07-2026,68147.36,saec/352/26-27,filler neck 0141/0116/0177/0106,2.12243e+11,460
205149,14-07-2026,3892.11,sp/2627/25353,pf561218,2.02243e+11,280
205150,14-07-2026,44014,1107/26-27,5.50148e+11,5.72037e+11,100
205151,14-07-2026,17839.34,1098/26-27,327514/wx3238503,5.92037e+11,40
205152,14-07-2026,101143.7,sic/2627/00234,jl151035,2.52243e+11,3500
205153,14-07-2026,447665.56,186,f8b04800/f8b06700,2.72243e+11,240
205154,15-07-2026,447665.56,190,f8b04800/f8b06700,2.82244e+11,240
205155,09-07-2026,0,14139,0,0,0
205155,07-07-2026,0,14083,0,0,0
205155,09-07-2026,0,14138,0,0,0
205156,10-07-2026,0,12103,0,0,0
205156,10-07-2026,0,12108,0,0,0
205156,07-07-2026,0,14084,0,0,0
205156,09-07-2026,0,13988,0,0,0
205156,10-07-2026,0,12105,0,0,0
205157,08-07-2026,0,14150,0,0,0
205158,16-07-2026,0,10601178,0,0,0
205159,14-07-2026,83190,13648,0,0,0
205160,15-07-2026,29190.84,sp/2627/25754,pf561218,2.52244e+11,2100
205161,15-07-2026,1062,2047/26-27,dg101340,2.92244e+11,1800
205162,15-07-2026,132042,1125/26-27,5.50148e+11,5.62038e+11,300
205163,15-07-2026,86694.6,sic/2627/00235,jl151035,2.12244e+11,3000
205164,15-07-2026,na,as per invoice,na,na,0
205165,15-07-2026,na,as per invoice,na,na,0
205166,15-07-2026,na,as per invoice,na,na,0
205167,16-07-2026,0,450,jz591626,na,134
205168,15-07-2026,0,389,jz591392,na,150
205169,16-07-2026,559581.96,194,f8b04800/f8b06700,2.82245e+11,300
205170,16-07-2026,48027.86,mtr/2627_7719,na,3.42293e+11,65
205171,10-07-2026,107999.83,1067/26-27,5.01147e+11,5.82035e+11,238
205172,16-07-2026,57309.2,saec/358/26-27,filler neck 0141/0177/m-10/m-12 coller washer ,2.92245e+11,1982
205173,16-07-2026,85207.8,2066/26-27,dh102502,2.52245e+11,3000
205173,16-07-2026,85207.8,2065/26-27,je591342,2.02245e+11,3000
205174,17-07-2026,7080,2067/26-27,1800013205/18100013469,2.92245e+11,3200
205175,17-07-2026,32752.08,ai/2627/2171,jz591387,2.92245e+11,200
205176,17-07-2026,331637.05,sic/2627/00240,jf511215/dh101648/dg171016/pa131610,2.32246e+11,35500
205177,17-07-2026,7784.22,sp/2627/26271,pf561218,2.62246e+11,560
205178,17-07-2026,0,514,cone muffler ,na,100
205179,17-07-2026,101143.7,sic/2627/00241,jl151035,2.92246e+11,3500
205180,18-07-2026,9699.6,674,lfb00001,na,3000
205181,18-07-2026,22638.3,2119/26-27,dh102502/24mm sensor bus hero ,2.02246e+11,11850
205182,17-07-2026,115404,hapl/2627/1356,jz591255,3.72293e+11,4000
205183,18-07-2026,50597.46,sp/2627/26524,pf561218,2.92246e+11,3640
205184,18-07-2026,101143.7,sic/2627/00242,jl151035,2.52246e+11,3500
205185,18-07-2026,0,257,jz591387,na,300
205186,19-07-2026,559581.96,199,f8b04800/f8b06700,2.02247e+11,300
205187,18-07-2026,100721.98,saec/368/2627,filler neck 0141/0177/0149/0106,2.52247e+11,642
205188,19-07-2026,0,807,jz591626,na,234
205189,19-07-2026,101143.7,sic/2627/00243,jl151035,2.42247e+11,3500
205190,17-07-2026,0,10352,0,0,0
205190,17-07-2026,0,10350,0,0,0
205190,16-07-2026,0,12264,0,0,0
205190,16-07-2026,0,12263,0,0,0
205190,16-07-2026,0,12269,0,0,0
205190,16-07-2026,0,13117,0,0,0
205190,16-07-2026,0,12265,0,0,0
205191,13-07-2026,0,12143,0,0,0
205191,13-07-2026,0,12116,0,0,0
205192,16-07-2026,0,12270,0,0,0
205193,20-07-2026,559581.96,201,f8b04800/f8b06700,2.72248e+11,300
205194,20-07-2026,41878.2,saec/372/26-27,filler neck 0177,2.32247e+11,210
205195,20-07-2026,15340,2167/26-27,18100013469/1800013205,2.32247e+11,6800
205196,20-07-2026,29830.4,2169/26-27,3161699,2.72248e+11,2000
205197,20-07-2026,0,72,jz591626,na,200
205198,20-07-2026,3973,37,2.85127e+11,na,227
205199,20-07-2026,29520,481/26-27,metal insert ,na,1200
205200,20-07-2026,63528.25,sp/2627/26937,jg181235,2.92248e+11,3650
205200,20-07-2026,5219.14,sp/2627/26936,jr161007,2.32248e+11,100
205200,20-07-2026,8951.48,sp/2627/26935,dj191021,2.32248e+11,200
205200,20-07-2026,8360.06,sp/2627/26938,dj191094,2.82248e+11,960
205201,20-07-2026,101143.7,sic/2627/00245,jl151035,2.52248e+11,3500
205202,15-07-2026,0,12231,0,0,0
205203,15-07-2026,0,12266,0,0,0
205203,16-07-2026,0,12266,0,0,0
205204,21-07-2026,38871.56,saec/376/26-27,filler neck 0177/0141,2.02248e+11,220
205205,21-07-2026,40443.65,sic/2627/00246,bf601030/pa131610,2.02248e+11,2100
205206,21-07-2026,19460.56,sp/2627/27166,pf561218,2.12248e+11,1400
205207,21-07-2026,0,561,jz591392,na,350
205207,21-07-2026,0,560,jz591392,na,150
205208,21-07-2026,14000,200,swimmer ,na,14000
205209,21-07-2026,101143.7,sic/2627/00248,jl151035,2.02248e+11,3500
205210,20-07-2026,0,12331,0,0,0
205210,20-07-2026,0,12329,0,0,0
205210,18-07-2026,0,12299,0,0,0
205210,20-07-2026,0,12330,0,0,0
205211,22-07-2026,559581.96,203,f8b04800/f8b06700,2.62249e+11,300
205212,22-07-2026,59888.42,sic/2627/00250,jy511231,2.62249e+11,6235
205213,22-07-2026,58877.28,sic/2627/00249,pa131610/lcd00001,2.32249e+11,276
205214,22-07-2026,0,373,pd591348,na,300
205215,22-07-2026,12980,2221/26-27,dh 101166-02/18100013469,2.82249e+11,7000
205216,22-07-2026,5010.37,sp/2627/27447,jr161007,2.42249e+11,96
205216,22-07-2026,8360.06,sp/2627/27448,dj191094,2.32249e+11,960
205216,22-07-2026,19460.56,sp/2627/27446,pf561218,2.02249e+11,1400
205217,22-07-2026,101143.7,sic/2627/00251,jl151035,2.72249e+11,3500
205218,23-07-2026,44209,gt/50,10631021,6.2215e+11,100
205219,23-07-2026,559581.96,210,f8b04800/f8b06700,2.1225e+11,300
205220,23-07-2026,na,595,j2s91392,na,450
205221,23-07-2026,23650.74,2252/26-27,dh102502/24mm sensor bus hero ,2.7225e+11,13280
205221,23-07-2026,9440,2227/26-27,1800013205,2.92249e+11,3200
205221,23-07-2026,5900,2256/26-27,18100013469/dh 101166-02,2.6225e+11,3000
205222,23-07-2026,0,491,jz591626,na,530
205223,23-07-2026,16541.48,sp/2627/27783,pf561218,2.6225e+11,1190
205223,23-07-2026,31350.24,sp/2627/27800,dj191094,2.7225e+11,3600
205224,23-07-2026,5010.37,sp/2627/27782,jr161007,2.6225e+11,96
205225,23-07-2026,8519.6,2253/26-27,dg101340/j591414,2.8225e+11,4840
205226,24-07-2026,46863.77,sic/2627/00253,jy511231,2.2225e+11,4879
205227,24-07-2026,8858,2280/26-27,18100013469/dh 101166-02,2.92251e+11,4000
205228,24-07-2026,19460.56,sp/2627/28038,pf561218,2.02251e+11,1400
205229,24-07-2026,101143.7,sic/2627/00255,jl151035,2.02251e+11,3500
205230,24-07-2026,0,614,jz591392,na,500
205230,24-07-2026,0,613,dh102577lh/rh/dh103593,na,20
205230,24-07-2026,4861.6,778/26-27,dj161470,na,800
205231,24-07-2026,559581.96,212,ffb04800/6700,2.02251e+11,300
205232,22-07-2026,na,srl,0,0,0
205233,23-07-2026,0,12302,0,0,0
205234,25-07-2026,19399.2,723,lfb00001,-,6000
205235,25-07-2026,19788.6,2301/26-27,dh102502/24mm sensor bus hero ,2.02251e+11,10700
205236,25-07-2026,75992,hapl/26-27/1507,jz591255,3.02299e+11,4000
205237,25-07-2026,83412.62,sic/2627/00257,dh102198,2.72251e+11,9338
205238,25-07-2026,23352.67,sp/2627/28289,pf561218,2.02251e+11,1680
205239,25-07-2026,780.69,gst262873,2.79715e+11,na,40
205239,25-07-2026,13570,gst262872,2.79001e+11,na,5000
205239,25-07-2026,1266.85,gst262874,2.79723e+11,na,40
205240,25-07-2026,0,na,na,na,0
205241,25-07-2026,12980,2305/26-27,18100013469/dh 101166-02,2.42251e+11,6000
205242,25-07-2026,101143.7,sic/2627/00258,jl151035,2.52251e+11,3500
205243,26-07-2026,559581.96,215,f8b04800/f8b06700,2.62252e+11,300
205244,26-07-2026,100949,sp/2627/28393,jg181235,na,5800
205244,26-07-2026,5010.37,sp/2627/28392,jr161007,na,96
205245,26-07-2026,16166,736,lfb00001,-,5000
205246,26-07-2026,0,620,k405 body cone ,na,500
205247,26-07-2026,8260,2313/26-27,18100013469/dh 101166-02,na,4000
205248,26-07-2026,101143.7,sic/2627/00259,jl151035,2.82252e+11,3500
205249,17-06-2026,0,10364,0,0,0
205249,24-07-2026,0,12457,0,0,0
205249,24-07-2026,0,12306,0,0,0
205250,17-07-2026,0,12284,0,0,0
205251,27-07-2026,117410,26p201564,2010010083,2.62252e+11,100
205252,27-07-2026,8260,2335/26-27,1800013205,2.52252e+11,2800
205253,27-07-2026,0,292,jz591392,na,200
205254,27-07-2026,na,642,jz591392,na,800
205255,27-07-2026,52039.65,saec/402/26-27,filler neck 0149/0177/0124/winger ven tube/m-10 coller washer ,2.22252e+11,405
205256,27-07-2026,3862.16,sp/2627/28633,jr161007,2.62252e+11,74
205257,27-07-2026,4696.4,2336/26-27,dg101340/jz591414,2.92253e+11,3160
205258,27-07-2026,101143.7,sic/2627/00260,jl151305,2.62252e+11,3500
205259,27-07-2026,0,273,jz591387,na,500
205260,28-07-2026,559581.96,220,f8b04800/f8b06700,2.02253e+11,300
205261,28-07-2026,13048.19,mtr/2627_7757,rmsil0210,3.52301e+11,225
205262,28-07-2026,60022.89,sic/2627/00263,jy511231,2.42253e+11,6249
205263,28-07-2026,5010.37,sp/2627/28875,jr161007,na,96
205263,28-07-2026,2855.6,sp/2627/28936,dj191095,2.22253e+11,2000
205263,28-07-2026,2218.4,sp/2627/28938,dj191096,2.92253e+11,2000
205263,28-07-2026,23352.67,sp/2627/28632,pf561218,2.12252e+11,1680
205264,28-07-2026,23102.04,sp/2627/28937,jl161005,2.32253e+11,2600
205265,28-07-2026,101143.7,sic/2627/00262,jl151035,2.82253e+11,3500
205266,28-07-2026,21240,2368/26-27,18100013469/dh 101166-02,2.62253e+11,10000
205267,28-07-2026,73738.2,2.6525e+11,jz591392,2.52253e+11,1000
205268,29-07-2026,559581.96,221,f8b04800/6700,2.82254e+11,300
205269,28-07-2026,33109.62,tisskgk2026136,5.50747e+11,na,150
205270,29-07-2026,44146.16,tisskgk2026143,5.50747e+11,na,200
205271,29-07-2026,5010.37,sp/2627/29203,jr161007,2.42254e+11,96
205272,29-07-2026,122661,sp/2627/29202,a25400020000,2.02254e+11,105000
205273,29-07-2026,23930.4,saec/413/26-27,filler neck 0177,2.72254e+11,120
205274,29-07-2026,36869.1,2.6525e+11,jz591392,2.72254e+11,500
205275,29-07-2026,72245.5,sic/2627/00264,jl151035,2.32254e+11,2500
205276,29-07-2026,0,280,jz591392,na,200
205277,29-07-2026,25105.68,2394/26-27,dh102502/24 mm sensor bus hero ,2.82254e+11,15335
205278,21-07-2026,0,12347,0,0,0
205278,21-07-2026,0,12348,0,0,0
205279,25-07-2026,0,12493,0,0,0
205279,26-07-2026,0,12505,0,0,0
205279,25-07-2026,0,12492,0,0,0
205279,26-07-2026,0,12507,0,0,0
205280,30-07-2026,559581.96,222,f8b04800/f8b06700,2.72255e+11,300
205281,28-07-2026,0,10230,0,0,0
205282,30-07-2026,18290,2404/26-27,18100013469/dh 101166-02,2.62255e+11,9500
205282,30-07-2026,30081.74,2418/26-27,dh102502/dh103821/jz591414,2.72255e+11,14560
205283,30-07-2026,7080,2405/26-27,18100013205,2.12255e+11,2400
205284,30-07-2026,108748.8,sic/2627/00266,dh101648/lcd00001,2.02255e+11,18000
205285,30-07-2026,5010.37,sp/2627/29488,jr161007,2.22255e+11,96
205286,30-07-2026,5900,822/26-27,dh161470,na,1000
205287,30-07-2026,0,633,cone muffle,na,200
205287,30-07-2026,0,631,cone muffle ,na,400
205288,24-07-2026,0,12473,0,0,0
205288,23-07-2026,0,12303,0,0,0
205288,24-07-2026,0,12476,0,0,0
205288,24-07-2026,0,12475,0,0,0
205288,23-07-2026,0,12411,0,0,0
205288,24-07-2026,0,12477,0,0,0
205289,31-07-2026,46705.34,sp/2627/29718,pf561218,2.32255e+11,3360
205289,31-07-2026,7828.71,sp/2627/29724,jr161007,2.12255e+11,150
205290,31-07-2026,36869.1,5.6525e+11,jz591392,2.32256e+11,500
205291,31-07-2026,0,364,jz591392,na,300
205292,01-08-2026,671498.36,225,f8b04800/f8b06700,2.52256e+11,360
205293,29-07-2026,0,12309,0,0,0
205294,01-08-2026,16166,768,lfb00001,2.42255e+11,5000
205295,01-08-2026,7828.71,sp/2627/30069,jr161007,2.72257e+11,150
205296,01-08-2026,18880,2475/26-27,18100013469/dh 101166-02,2.32257e+11,9000
205297,01-08-2026,20107.2,in4000036686,jr161031,2.82257e+11,500
205298,01-08-2026,14747.64,2.6525e+11,jz591392,2.12255e+11,200
205298,01-08-2026,11060.73,2.6525e+11,jz591392,2.82257e+11,150
